category,cause,fix_applied,meeting,filename,path,chars_before,chars_after,recovered,outcome
A1 never parsed,no .doc extractor,textutil -convert txt,2021-03-16_Regular Meeting of the Board of Education 7_00 PM,M022321BdMtg.doc,2021-03-16_Regular Meeting of the Board of Education 7_00 PM/M022321BdMtg.doc,0,17473,17473,recovered
A1 never parsed,no .doc extractor,textutil -convert txt,2021-07-20_Regular Meeting of the Board of Education 9_30 AM,M061521BdMtg.doc,2021-07-20_Regular Meeting of the Board of Education 9_30 AM/M061521BdMtg.doc,0,16226,16226,recovered
A1 never parsed,no .doc extractor,textutil -convert txt,2022-07-26_Regular Meeting of the Board of Education 9_00 AM,M062122BdMtg.doc,2022-07-26_Regular Meeting of the Board of Education 9_00 AM/M062122BdMtg.doc,0,15809,15809,recovered
A1 never parsed,no .doc extractor,textutil -convert txt,2024-09-17_Regular Meeting of the Board of Education 7_00 PM,M082024BdMtg.doc,2024-09-17_Regular Meeting of the Board of Education 7_00 PM/M082024BdMtg.doc,0,14665,14665,recovered
A1 never parsed,no .doc extractor,textutil -convert txt,2022-05-17_Regular Meeting of the Board of Education 7_00 PM,M041922BdMtg.doc,2022-05-17_Regular Meeting of the Board of Education 7_00 PM/M041922BdMtg.doc,0,13433,13433,recovered
A1 never parsed,no .doc extractor,textutil -convert txt,2022-04-19_Regular Meeting of the Board of Education 7_00 PM,M031522BdMtg.doc,2022-04-19_Regular Meeting of the Board of Education 7_00 PM/M031522BdMtg.doc,0,12959,12959,recovered
A1 never parsed,no .doc extractor,textutil -convert txt,2022-08-16_Regular Meeting of the Board of Education 7_00 PM,M072622BdMtg.doc,2022-08-16_Regular Meeting of the Board of Education 7_00 PM/M072622BdMtg.doc,0,11791,11791,recovered
A1 never parsed,no .doc extractor,textutil -convert txt,2021-05-18_Regular Meeting of the Board of Education 7_00 PM,M042021BdMtg.doc,2021-05-18_Regular Meeting of the Board of Education 7_00 PM/M042021BdMtg.doc,0,11144,11144,recovered
A1 never parsed,no .doc extractor,textutil -convert txt,2021-06-15_Regular Meeting of the Board of Education 7_00 PM,M051821BdMtg.doc,2021-06-15_Regular Meeting of the Board of Education 7_00 PM/M051821BdMtg.doc,0,10663,10663,recovered
A1 never parsed,no .doc extractor,textutil -convert txt,2021-09-21_Regular Meeting of the Board of Education 7_00 PM,M081721BdMtg.doc,2021-09-21_Regular Meeting of the Board of Education 7_00 PM/M081721BdMtg.doc,0,9660,9660,recovered
A1 never parsed,no .doc extractor,textutil -convert txt,2021-08-17_Regular Meeting of the Board of Education 7_00 PM,M072021BdMtg.doc,2021-08-17_Regular Meeting of the Board of Education 7_00 PM/M072021BdMtg.doc,0,9269,9269,recovered
A1 never parsed,no .doc extractor,textutil -convert txt,2021-04-20_Regular Meeting of the Board of Education 7_00 PM,M031621BdMtg.doc,2021-04-20_Regular Meeting of the Board of Education 7_00 PM/M031621BdMtg.doc,0,9196,9196,recovered
A1 never parsed,no .doc extractor,textutil -convert txt,2023-12-12_Regular Meeting of the Board of Education 7_00 PM,M111423SpBdMtg.doc,2023-12-12_Regular Meeting of the Board of Education 7_00 PM/M111423SpBdMtg.doc,0,7855,7855,recovered
A1 never parsed,no .doc extractor,textutil -convert txt,2022-08-16_Regular Meeting of the Board of Education 7_00 PM,M072922SpBdMtg.doc,2022-08-16_Regular Meeting of the Board of Education 7_00 PM/M072922SpBdMtg.doc,0,7716,7716,recovered
A1 never parsed,no .doc extractor,textutil -convert txt,2021-09-21_Regular Meeting of the Board of Education 7_00 PM,6 B  ELEM-SEC hire list for Board 9.21.21.doc,2021-09-21_Regular Meeting of the Board of Education 7_00 PM/6 B  ELEM-SEC hire list for Board 9.21.21.doc,0,5519,5519,recovered
A1 never parsed,no .doc extractor,textutil -convert txt,2022-07-29_Special Meeting of the Board of Education 9_15 AM,3.B. Reimbursement Resolution - Proposed 2022 School Building and Site Bonds - Troy School.doc,2022-07-29_Special Meeting of the Board of Education 9_15 AM/3.B. Reimbursement Resolution - Proposed 2022 School Building and Site Bonds - Troy School.doc,0,5148,5148,recovered
A1 never parsed,no .doc extractor,textutil -convert txt,2022-07-29_Special Meeting of the Board of Education 9_15 AM,3.B. Reimbursement Resolution - Proposed 2022 School Building and Site Bonds - Troy School D(39412397.1).doc,2022-07-29_Special Meeting of the Board of Education 9_15 AM/3.B. Reimbursement Resolution - Proposed 2022 School Building and Site Bonds - Troy School D(39412397.1).doc,0,5116,5116,recovered
A1 never parsed,no .doc extractor,textutil -convert txt,2022-09-20_Regular Meeting of the Board of Education 7_00 PM,M081622BdMtg.doc,2022-09-20_Regular Meeting of the Board of Education 7_00 PM/M081622BdMtg.doc,0,4976,4976,recovered
A1 never parsed,no .doc extractor,textutil -convert txt,2024-02-27_Regular Meeting of the Board of Education 7_00 PM,5.G. Troy - Reaffirming Resolution re Section 1 - Sale of Preserved Parcel to Six Rivers_Oakland County Parks(276029097.1).doc,2024-02-27_Regular Meeting of the Board of Education 7_00 PM/5.G. Troy - Reaffirming Resolution re Section 1 - Sale of Preserved Parcel to Six Rivers_Oakland County Parks(276029097.1).doc,0,4756,4756,recovered
A1 never parsed,no .doc extractor,textutil -convert txt,2024-07-16_Regular Meeting of the Board of Education 9_30 AM,M060624SpBdMtg.doc,2024-07-16_Regular Meeting of the Board of Education 9_30 AM/M060624SpBdMtg.doc,0,4738,4738,recovered
A1 never parsed,no .doc extractor,textutil -convert txt,2023-09-19_Regular Meeting of the Board of Education 7_00 PM,M081523BdMtg.doc,2023-09-19_Regular Meeting of the Board of Education 7_00 PM/M081523BdMtg.doc,0,4592,4592,recovered
A1 never parsed,no .doc extractor,textutil -convert txt,2020-09-15_Regular Meeting of the Board of Education 7_00 PM,M081820BdMtg.doc,2020-09-15_Regular Meeting of the Board of Education 7_00 PM/M081820BdMtg.doc,0,4415,4415,recovered
A1 never parsed,no .doc extractor,textutil -convert txt,2020-09-15_Regular Meeting of the Board of Education 7_00 PM,M081220BdMtg.doc,2020-09-15_Regular Meeting of the Board of Education 7_00 PM/M081220BdMtg.doc,0,4347,4347,recovered
A1 never parsed,no .doc extractor,textutil -convert txt,2021-07-20_Regular Meeting of the Board of Education 9_30 AM,MHSAA Super Memo Final.doc,2021-07-20_Regular Meeting of the Board of Education 9_30 AM/MHSAA Super Memo Final.doc,0,4324,4324,recovered
A1 never parsed,no .doc extractor,textutil -convert txt,2022-07-26_Regular Meeting of the Board of Education 9_00 AM,MHSAASuper Memo.doc,2022-07-26_Regular Meeting of the Board of Education 9_00 AM/MHSAASuper Memo.doc,0,4312,4312,recovered
A1 never parsed,no .doc extractor,textutil -convert txt,2023-09-19_Regular Meeting of the Board of Education 7_00 PM,6 B  ELEM-SEC hire list for Board 9.19.23.doc,2023-09-19_Regular Meeting of the Board of Education 7_00 PM/6 B  ELEM-SEC hire list for Board 9.19.23.doc,0,4282,4282,recovered
A1 never parsed,no .doc extractor,textutil -convert txt,2022-12-06_Board of Education Workshop 6_00 PM,2.b. Troy - Resolution re Section 1 - Sale of Preserved Parcel to Six Rivers_Okland County Parks(269261131.1).doc,2022-12-06_Board of Education Workshop 6_00 PM/2.b. Troy - Resolution re Section 1 - Sale of Preserved Parcel to Six Rivers_Okland County Parks(269261131.1).doc,0,4110,4110,recovered
A1 never parsed,no .doc extractor,textutil -convert txt,2020-10-20_Regular Meeting of the Board of Education 7_00 PM,M092920SpBdMtg.doc,2020-10-20_Regular Meeting of the Board of Education 7_00 PM/M092920SpBdMtg.doc,0,4098,4098,recovered
A1 never parsed,no .doc extractor,textutil -convert txt,2022-12-13_Regular Meeting of the Board of Education 7_00 PM,8.B. Troy - Resolution Section 1 Sale of Preserved Parcel to Six Rivers_Okland County Parks.doc,2022-12-13_Regular Meeting of the Board of Education 7_00 PM/8.B. Troy - Resolution Section 1 Sale of Preserved Parcel to Six Rivers_Okland County Parks.doc,0,4046,4046,recovered
A1 never parsed,no .doc extractor,textutil -convert txt,2021-06-15_Regular Meeting of the Board of Education 7_00 PM,Board Agenda 20-21 Retirees.doc,2021-06-15_Regular Meeting of the Board of Education 7_00 PM/Board Agenda 20-21 Retirees.doc,0,3962,3962,recovered
A1 never parsed,no .doc extractor,textutil -convert txt,2022-05-17_Regular Meeting of the Board of Education 7_00 PM,10A OaklandSchoolsBoard Election 2022.doc,2022-05-17_Regular Meeting of the Board of Education 7_00 PM/10A OaklandSchoolsBoard Election 2022.doc,0,3465,3465,recovered
A1 never parsed,no .doc extractor,textutil -convert txt,2021-09-21_Regular Meeting of the Board of Education 7_00 PM,2A RecogStudentReps.doc,2021-09-21_Regular Meeting of the Board of Education 7_00 PM/2A RecogStudentReps.doc,0,3460,3460,recovered
A1 never parsed,no .doc extractor,textutil -convert txt,2024-05-21_Regular Meeting of the Board of Education 7_00 PM,10A OaklandSchoolsBoard Election 2024.doc,2024-05-21_Regular Meeting of the Board of Education 7_00 PM/10A OaklandSchoolsBoard Election 2024.doc,0,3340,3340,recovered
A1 never parsed,no .doc extractor,textutil -convert txt,2025-09-16_Regular Meeting of the Board of Education 7_00 PM,M081925BdMtg.doc,2025-09-16_Regular Meeting of the Board of Education 7_00 PM/M081925BdMtg.doc,0,3203,3203,recovered
A1 never parsed,no .doc extractor,textutil -convert txt,2021-07-20_Regular Meeting of the Board of Education 9_30 AM,6A ADMIN CONTRACTS EXTENSION.doc,2021-07-20_Regular Meeting of the Board of Education 9_30 AM/6A ADMIN CONTRACTS EXTENSION.doc,0,3155,3155,recovered
A1 never parsed,no .doc extractor,textutil -convert txt,2022-09-20_Regular Meeting of the Board of Education 7_00 PM,6 B  ELEM-SEC hire list for Board 9.20.22.doc,2022-09-20_Regular Meeting of the Board of Education 7_00 PM/6 B  ELEM-SEC hire list for Board 9.20.22.doc,0,3079,3079,recovered
A1 never parsed,no .doc extractor,textutil -convert txt,2025-09-16_Regular Meeting of the Board of Education 7_00 PM,6 B  ELEM-SEC hire list for Board 9.16.25.doc,2025-09-16_Regular Meeting of the Board of Education 7_00 PM/6 B  ELEM-SEC hire list for Board 9.16.25.doc,0,3015,3015,recovered
A1 never parsed,no .doc extractor,textutil -convert txt,2022-07-26_Regular Meeting of the Board of Education 9_00 AM,6C ADMIN CONTRACTS EXTENSION.doc,2022-07-26_Regular Meeting of the Board of Education 9_00 AM/6C ADMIN CONTRACTS EXTENSION.doc,0,2917,2917,recovered
A1 never parsed,no .doc extractor,textutil -convert txt,2024-09-17_Regular Meeting of the Board of Education 7_00 PM,6B  ELEM-SEC hire list for Board 9.17.24.doc,2024-09-17_Regular Meeting of the Board of Education 7_00 PM/6B  ELEM-SEC hire list for Board 9.17.24.doc,0,2471,2471,recovered
A1 never parsed,no .doc extractor,textutil -convert txt,2020-09-15_Regular Meeting of the Board of Education 7_00 PM,2B RecogStudentReps.doc,2020-09-15_Regular Meeting of the Board of Education 7_00 PM/2B RecogStudentReps.doc,0,2469,2469,recovered
A1 never parsed,no .doc extractor,textutil -convert txt,2024-05-21_Regular Meeting of the Board of Education 7_00 PM,2B Board Agenda 23-24  Retirees.doc,2024-05-21_Regular Meeting of the Board of Education 7_00 PM/2B Board Agenda 23-24  Retirees.doc,0,2351,2351,recovered
A1 never parsed,no .doc extractor,textutil -convert txt,2023-05-16_Regular Meeting of the Board of Education 7_00 PM,2A Board Agenda 22-23 Retirees.doc,2023-05-16_Regular Meeting of the Board of Education 7_00 PM/2A Board Agenda 22-23 Retirees.doc,0,2313,2313,recovered
A1 never parsed,no .doc extractor,textutil -convert txt,2021-01-19_Organizational and Regular Meeting of the Board of Education 7_00 PM,M121820SpBdMtg.doc,2021-01-19_Organizational and Regular Meeting of the Board of Education 7_00 PM/M121820SpBdMtg.doc,0,2143,2143,recovered
A1 never parsed,no .doc extractor,textutil -convert txt,2019-01-01_2019 Board Packets and Minutes,W030519.doc,2019-01-01_2019 Board Packets and Minutes/W030519.doc,0,2016,2016,recovered
A1 never parsed,no .doc extractor,textutil -convert txt,2020-09-15_Regular Meeting of the Board of Education 7_00 PM,6 A   ELEM-SEC hire list for Board 9.15.20.doc,2020-09-15_Regular Meeting of the Board of Education 7_00 PM/6 A   ELEM-SEC hire list for Board 9.15.20.doc,0,1947,1947,recovered
A1 never parsed,no .doc extractor,textutil -convert txt,2023-04-18_Regular Meeting of the Board of Education 7_00 PM,"ADMIN APPT Director, Employee Services.doc","2023-04-18_Regular Meeting of the Board of Education 7_00 PM/ADMIN APPT Director, Employee Services.doc",0,1898,1898,recovered
A1 never parsed,no .doc extractor,textutil -convert txt,2022-07-26_Regular Meeting of the Board of Education 9_00 AM,6E Supt Contract Extension.doc,2022-07-26_Regular Meeting of the Board of Education 9_00 AM/6E Supt Contract Extension.doc,0,1880,1880,recovered
A1 never parsed,no .doc extractor,textutil -convert txt,2026-07-22_Regular Meeting of the Board of Education 1_00 PM,6D ADMIN APPT Finance Director - Anderson.doc,2026-07-22_Regular Meeting of the Board of Education 1_00 PM/6D ADMIN APPT Finance Director - Anderson.doc,0,1853,1853,recovered
A1 never parsed,no .doc extractor,textutil -convert txt,2022-05-17_Regular Meeting of the Board of Education 7_00 PM,2B TSD 21-22 Retirees.doc,2022-05-17_Regular Meeting of the Board of Education 7_00 PM/2B TSD 21-22 Retirees.doc,0,1818,1818,recovered
A1 never parsed,no .doc extractor,textutil -convert txt,2025-09-16_Regular Meeting of the Board of Education 7_00 PM,10E Acceptance of AARC Recommendation.doc,2025-09-16_Regular Meeting of the Board of Education 7_00 PM/10E Acceptance of AARC Recommendation.doc,0,1813,1813,recovered
A1 never parsed,no .doc extractor,textutil -convert txt,2023-07-18_Regular Meeting of the Board of Education 9_30 AM,6B Admin Appt Montante Communications.doc,2023-07-18_Regular Meeting of the Board of Education 9_30 AM/6B Admin Appt Montante Communications.doc,0,1746,1746,recovered
A1 never parsed,no .doc extractor,textutil -convert txt,2021-07-20_Regular Meeting of the Board of Education 9_30 AM,6C Supt Contract Extension.doc,2021-07-20_Regular Meeting of the Board of Education 9_30 AM/6C Supt Contract Extension.doc,0,1731,1731,recovered
A1 never parsed,no .doc extractor,textutil -convert txt,2020-10-20_Regular Meeting of the Board of Education 7_00 PM,M090120SpBdMtg.doc,2020-10-20_Regular Meeting of the Board of Education 7_00 PM/M090120SpBdMtg.doc,0,1696,1696,recovered
A1 never parsed,no .doc extractor,textutil -convert txt,2021-07-20_Regular Meeting of the Board of Education 9_30 AM,M061521SpBdMtg.doc,2021-07-20_Regular Meeting of the Board of Education 9_30 AM/M061521SpBdMtg.doc,0,1681,1681,recovered
A1 never parsed,no .doc extractor,textutil -convert txt,2021-09-21_Regular Meeting of the Board of Education 7_00 PM,6C ADMIN APPT  Assistant Principal IAE Griffin.doc,2021-09-21_Regular Meeting of the Board of Education 7_00 PM/6C ADMIN APPT  Assistant Principal IAE Griffin.doc,0,1678,1678,recovered
A1 never parsed,no .doc extractor,textutil -convert txt,2024-03-19_Regular Meeting of the Board of Education 7_00 PM,"6B ADMIN APPT Director Athletics, Continuing Education, Enrichment Jansen.doc","2024-03-19_Regular Meeting of the Board of Education 7_00 PM/6B ADMIN APPT Director Athletics, Continuing Education, Enrichment Jansen.doc",0,1675,1675,recovered
A1 never parsed,no .doc extractor,textutil -convert txt,2019-01-01_2019 Board Packets and Minutes,W032119retreat.doc,2019-01-01_2019 Board Packets and Minutes/W032119retreat.doc,0,1674,1674,recovered
A1 never parsed,no .doc extractor,textutil -convert txt,2023-08-15_Regular Meeting of the Board of Education 6_00 PM,6A ADMIN APPT Assistant Principal Troy High - Brennan.doc,2023-08-15_Regular Meeting of the Board of Education 6_00 PM/6A ADMIN APPT Assistant Principal Troy High - Brennan.doc,0,1673,1673,recovered
A1 never parsed,no .doc extractor,textutil -convert txt,2025-06-17_Regular Meeting of the Board of Education 7_00 PM,7B ADMIN APPT  Director Teaching & Learning Recker.doc,2025-06-17_Regular Meeting of the Board of Education 7_00 PM/7B ADMIN APPT  Director Teaching & Learning Recker.doc,0,1671,1671,recovered
A1 never parsed,no .doc extractor,textutil -convert txt,2023-06-13_Regular Meeting of the Board of Education 7_30 PM,7A ADMIN APPT SE Supervisor Crowe.doc,2023-06-13_Regular Meeting of the Board of Education 7_30 PM/7A ADMIN APPT SE Supervisor Crowe.doc,0,1657,1657,recovered
A1 never parsed,no .doc extractor,textutil -convert txt,2023-05-16_Regular Meeting of the Board of Education 7_00 PM,ADMIN APPT Special Education Director Young Sarah.doc,2023-05-16_Regular Meeting of the Board of Education 7_00 PM/ADMIN APPT Special Education Director Young Sarah.doc,0,1655,1655,recovered
A1 never parsed,no .doc extractor,textutil -convert txt,2021-05-18_Regular Meeting of the Board of Education 7_00 PM,M042021SpBdMtg.doc,2021-05-18_Regular Meeting of the Board of Education 7_00 PM/M042021SpBdMtg.doc,0,1645,1645,recovered
A1 never parsed,no .doc extractor,textutil -convert txt,2022-03-15_Regular Meeting of the Board of Education 7_00 PM,5D 1stRdg_Board Policies.doc,2022-03-15_Regular Meeting of the Board of Education 7_00 PM/5D 1stRdg_Board Policies.doc,0,1645,1645,recovered
A1 never parsed,no .doc extractor,textutil -convert txt,2022-04-19_Regular Meeting of the Board of Education 7_00 PM,5D 2ndRdgAdoption_Board Policies.doc,2022-04-19_Regular Meeting of the Board of Education 7_00 PM/5D 2ndRdgAdoption_Board Policies.doc,0,1629,1629,recovered
A1 never parsed,no .doc extractor,textutil -convert txt,2022-02-01_Board of Education Workshop 6_00 PM,2.B. NOVA RECOMltr22.doc,2022-02-01_Board of Education Workshop 6_00 PM/2.B. NOVA RECOMltr22.doc,0,1628,1628,recovered
A1 never parsed,no .doc extractor,textutil -convert txt,2022-02-15_Regular Meeting of the Board of Education 7_00 PM,8.B. NOVA RECOMltr22.doc,2022-02-15_Regular Meeting of the Board of Education 7_00 PM/8.B. NOVA RECOMltr22.doc,0,1628,1628,recovered
A1 never parsed,no .doc extractor,textutil -convert txt,2021-05-18_Regular Meeting of the Board of Education 7_00 PM,M040621BdWkshp.doc,2021-05-18_Regular Meeting of the Board of Education 7_00 PM/M040621BdWkshp.doc,0,1625,1625,recovered
A1 never parsed,no .doc extractor,textutil -convert txt,2023-07-18_Regular Meeting of the Board of Education 9_30 AM,6A Admin Appt Zawislak Larson.doc,2023-07-18_Regular Meeting of the Board of Education 9_30 AM/6A Admin Appt Zawislak Larson.doc,0,1622,1622,recovered
A1 never parsed,no .doc extractor,textutil -convert txt,2021-02-23_Regular Meeting of the Board of Education 7_00 PM,M011921SpBdMtg.doc,2021-02-23_Regular Meeting of the Board of Education 7_00 PM/M011921SpBdMtg.doc,0,1621,1621,recovered
A1 never parsed,no .doc extractor,textutil -convert txt,2020-12-15_Regular Meeting of the Board of Education 7_00 PM,6B ADMIN APPT Sup Educational Equity.doc,2020-12-15_Regular Meeting of the Board of Education 7_00 PM/6B ADMIN APPT Sup Educational Equity.doc,0,1620,1620,recovered
A1 never parsed,no .doc extractor,textutil -convert txt,2021-01-19_Organizational and Regular Meeting of the Board of Education 7_00 PM,0AgendaMemo 011921.doc,2021-01-19_Organizational and Regular Meeting of the Board of Education 7_00 PM/0AgendaMemo 011921.doc,0,1618,1618,recovered
A1 never parsed,no .doc extractor,textutil -convert txt,2022-01-18_Organizational and Regular Meeting of the Board of Education 7_00 PM,0AgendaMemo 011822.doc,2022-01-18_Organizational and Regular Meeting of the Board of Education 7_00 PM/0AgendaMemo 011822.doc,0,1618,1618,recovered
A1 never parsed,no .doc extractor,textutil -convert txt,2023-11-14_Special Meeting of the Board of Education 6_00 PM,4A First Reading Policies.DOC,2023-11-14_Special Meeting of the Board of Education 6_00 PM/4A First Reading Policies.DOC,0,1611,1611,recovered
A1 never parsed,no .doc extractor,textutil -convert txt,2023-04-18_Regular Meeting of the Board of Education 7_00 PM,ADMIN APPT Assistant Superintendent of Employee Services Pagel.doc,2023-04-18_Regular Meeting of the Board of Education 7_00 PM/ADMIN APPT Assistant Superintendent of Employee Services Pagel.doc,0,1603,1603,recovered
A1 never parsed,no .doc extractor,textutil -convert txt,2021-02-23_Regular Meeting of the Board of Education 7_00 PM,8.E. RECOMltr21.doc,2021-02-23_Regular Meeting of the Board of Education 7_00 PM/8.E. RECOMltr21.doc,0,1597,1597,recovered
A1 never parsed,no .doc extractor,textutil -convert txt,2023-04-18_Regular Meeting of the Board of Education 7_00 PM,ADMIN APPT Principal IA-East Griffin.doc,2023-04-18_Regular Meeting of the Board of Education 7_00 PM/ADMIN APPT Principal IA-East Griffin.doc,0,1594,1594,recovered
A1 never parsed,no .doc extractor,textutil -convert txt,2023-04-18_Regular Meeting of the Board of Education 7_00 PM,ADMIN APPT Assistant Principal IA-East Naus.doc,2023-04-18_Regular Meeting of the Board of Education 7_00 PM/ADMIN APPT Assistant Principal IA-East Naus.doc,0,1572,1572,recovered
A1 never parsed,no .doc extractor,textutil -convert txt,2021-09-21_Regular Meeting of the Board of Education 7_00 PM,5D Consent PublicEducationLeadersProfLearning.doc,2021-09-21_Regular Meeting of the Board of Education 7_00 PM/5D Consent PublicEducationLeadersProfLearning.doc,0,1551,1551,recovered
A1 never parsed,no .doc extractor,textutil -convert txt,2025-08-19_Regular Meeting of the Board of Education 6_00 PM,6A ADMIN APPT SE Supervisor Pulliam.doc,2025-08-19_Regular Meeting of the Board of Education 6_00 PM/6A ADMIN APPT SE Supervisor Pulliam.doc,0,1544,1544,recovered
A1 never parsed,no .doc extractor,textutil -convert txt,2021-10-19_Regular Meeting of the Board of Education 7_00 PM,M090721BdWkshp.doc,2021-10-19_Regular Meeting of the Board of Education 7_00 PM/M090721BdWkshp.doc,0,1521,1521,recovered
A1 never parsed,no .doc extractor,textutil -convert txt,2024-06-20_Regular Meeting of the Board of Education 7_00 PM,7A ADMIN APPT SE Supervisor Harker.doc,2024-06-20_Regular Meeting of the Board of Education 7_00 PM/7A ADMIN APPT SE Supervisor Harker.doc,0,1511,1511,recovered
A1 never parsed,no .doc extractor,textutil -convert txt,2023-12-12_Regular Meeting of the Board of Education 7_00 PM,5E SecondReadingAdoption Policies.doc,2023-12-12_Regular Meeting of the Board of Education 7_00 PM/5E SecondReadingAdoption Policies.doc,0,1507,1507,recovered
A1 never parsed,no .doc extractor,textutil -convert txt,2023-04-04_Board of Education Workshop 6_00 PM,W120721.doc,2023-04-04_Board of Education Workshop 6_00 PM/W120721.doc,0,1505,1505,recovered
A1 never parsed,no .doc extractor,textutil -convert txt,2022-07-26_Regular Meeting of the Board of Education 9_00 AM,M062122SpBdMtg.doc,2022-07-26_Regular Meeting of the Board of Education 9_00 AM/M062122SpBdMtg.doc,0,1498,1498,recovered
A1 never parsed,no .doc extractor,textutil -convert txt,2024-05-21_Regular Meeting of the Board of Education 7_00 PM,6B ADMIN APPT  AP Athens-Cronin.doc,2024-05-21_Regular Meeting of the Board of Education 7_00 PM/6B ADMIN APPT  AP Athens-Cronin.doc,0,1490,1490,recovered
A1 never parsed,no .doc extractor,textutil -convert txt,2023-06-06_Special Meeting of the Board of Education 5_00 PM,3A ADMIN APPT Principal Bemis - Singh.doc,2023-06-06_Special Meeting of the Board of Education 5_00 PM/3A ADMIN APPT Principal Bemis - Singh.doc,0,1488,1488,recovered
A1 never parsed,no .doc extractor,textutil -convert txt,2024-07-16_Regular Meeting of the Board of Education 9_30 AM,M061224SpBdMtg.doc,2024-07-16_Regular Meeting of the Board of Education 9_30 AM/M061224SpBdMtg.doc,0,1482,1482,recovered
A1 never parsed,no .doc extractor,textutil -convert txt,2022-03-15_Regular Meeting of the Board of Education 7_00 PM,M020122BdWkshp.doc,2022-03-15_Regular Meeting of the Board of Education 7_00 PM/M020122BdWkshp.doc,0,1472,1472,recovered
A1 never parsed,no .doc extractor,textutil -convert txt,2021-08-17_Regular Meeting of the Board of Education 7_00 PM,5D IA Schools of Choice 105C for 22-23 School Year.doc,2021-08-17_Regular Meeting of the Board of Education 7_00 PM/5D IA Schools of Choice 105C for 22-23 School Year.doc,0,1469,1469,recovered
A1 never parsed,no .doc extractor,textutil -convert txt,2022-08-16_Regular Meeting of the Board of Education 7_00 PM,5D IA Schools of Choice 105C for 23-24 School Year (002).doc,2022-08-16_Regular Meeting of the Board of Education 7_00 PM/5D IA Schools of Choice 105C for 23-24 School Year (002).doc,0,1469,1469,recovered
A1 never parsed,no .doc extractor,textutil -convert txt,2023-08-15_Regular Meeting of the Board of Education 6_00 PM,5D IA Schools of Choice 105C for 24-25 School Year.doc,2023-08-15_Regular Meeting of the Board of Education 6_00 PM/5D IA Schools of Choice 105C for 24-25 School Year.doc,0,1469,1469,recovered
A1 never parsed,no .doc extractor,textutil -convert txt,2024-08-20_Regular Meeting of the Board of Education 6_00 PM,5C IA Schools of Choice 105C for 25-26 School Year.doc,2024-08-20_Regular Meeting of the Board of Education 6_00 PM/5C IA Schools of Choice 105C for 25-26 School Year.doc,0,1469,1469,recovered
A1 never parsed,no .doc extractor,textutil -convert txt,2025-08-19_Regular Meeting of the Board of Education 6_00 PM,5C IA Schools of Choice 105C for 26-27 School Year.doc,2025-08-19_Regular Meeting of the Board of Education 6_00 PM/5C IA Schools of Choice 105C for 26-27 School Year.doc,0,1469,1469,recovered
A1 never parsed,no .doc extractor,textutil -convert txt,2020-08-18_Regular Meeting of the Board of Education 7_00 PM,5C IA Schools of Choice 105C for 21-22 School Year.doc,2020-08-18_Regular Meeting of the Board of Education 7_00 PM/5C IA Schools of Choice 105C for 21-22 School Year.doc,0,1468,1468,recovered
A1 never parsed,no .doc extractor,textutil -convert txt,2025-06-17_Regular Meeting of the Board of Education 7_00 PM,7C ADMIN APPT  Principal Hamilton McNally.doc,2025-06-17_Regular Meeting of the Board of Education 7_00 PM/7C ADMIN APPT  Principal Hamilton McNally.doc,0,1458,1458,recovered
A1 never parsed,no .doc extractor,textutil -convert txt,2024-08-20_Regular Meeting of the Board of Education 6_00 PM,6A ADMIN APPT AP Larson Palmeri.doc,2024-08-20_Regular Meeting of the Board of Education 6_00 PM/6A ADMIN APPT AP Larson Palmeri.doc,0,1456,1456,recovered
A1 never parsed,no .doc extractor,textutil -convert txt,2025-05-20_Regular Meeting of the Board of Education 7_00 PM,6B ADMIN APPT  Principal Hill - Burdette.doc,2025-05-20_Regular Meeting of the Board of Education 7_00 PM/6B ADMIN APPT  Principal Hill - Burdette.doc,0,1452,1452,recovered
A1 never parsed,no .doc extractor,textutil -convert txt,2025-05-20_Regular Meeting of the Board of Education 7_00 PM,6D ADMIN APPT SE Supervisor Evans.doc,2025-05-20_Regular Meeting of the Board of Education 7_00 PM/6D ADMIN APPT SE Supervisor Evans.doc,0,1446,1446,recovered
A1 never parsed,no .doc extractor,textutil -convert txt,2024-06-20_Regular Meeting of the Board of Education 7_00 PM,M050724SpBdMtg.doc,2024-06-20_Regular Meeting of the Board of Education 7_00 PM/M050724SpBdMtg.doc,0,1440,1440,recovered
A1 never parsed,no .doc extractor,textutil -convert txt,2024-09-17_Regular Meeting of the Board of Education 7_00 PM,M082024SpBdMtg.doc,2024-09-17_Regular Meeting of the Board of Education 7_00 PM/M082024SpBdMtg.doc,0,1437,1437,recovered
A1 never parsed,no .doc extractor,textutil -convert txt,2023-10-17_Regular Meeting of the Board of Education 7_00 PM,M090523SpBdMtg.doc,2023-10-17_Regular Meeting of the Board of Education 7_00 PM/M090523SpBdMtg.doc,0,1426,1426,recovered
A1 never parsed,no .doc extractor,textutil -convert txt,2024-04-16_Regular Meeting of the Board of Education 7_00 PM,M030524SpBdMtg.doc,2024-04-16_Regular Meeting of the Board of Education 7_00 PM/M030524SpBdMtg.doc,0,1422,1422,recovered
A1 never parsed,no .doc extractor,textutil -convert txt,2024-01-16_Organizational and Regular Meeting of the Board of Education 7_00 PM,M120523SpBdMtg.doc,2024-01-16_Organizational and Regular Meeting of the Board of Education 7_00 PM/M120523SpBdMtg.doc,0,1410,1410,recovered
A1 never parsed,no .doc extractor,textutil -convert txt,2022-01-18_Organizational and Regular Meeting of the Board of Education 7_00 PM,M120721BdWkshp.doc,2022-01-18_Organizational and Regular Meeting of the Board of Education 7_00 PM/M120721BdWkshp.doc,0,1407,1407,recovered
A1 never parsed,no .doc extractor,textutil -convert txt,2024-05-21_Regular Meeting of the Board of Education 7_00 PM,6C ADMIN APPT Wass Principal Crowe.doc,2024-05-21_Regular Meeting of the Board of Education 7_00 PM/6C ADMIN APPT Wass Principal Crowe.doc,0,1399,1399,recovered
A1 never parsed,no .doc extractor,textutil -convert txt,2022-05-17_Regular Meeting of the Board of Education 7_00 PM,6A ADMIN APPT Wattles-Wallace.doc,2022-05-17_Regular Meeting of the Board of Education 7_00 PM/6A ADMIN APPT Wattles-Wallace.doc,0,1393,1393,recovered
A1 never parsed,no .doc extractor,textutil -convert txt,2021-03-16_Regular Meeting of the Board of Education 7_00 PM,M020221BdWkshp.doc,2021-03-16_Regular Meeting of the Board of Education 7_00 PM/M020221BdWkshp.doc,0,1387,1387,recovered
A1 never parsed,no .doc extractor,textutil -convert txt,2022-06-21_Regular Meeting of the Board of Education 7_00 PM,7A ADMIN APPT  AP Baker-Burdette.doc,2022-06-21_Regular Meeting of the Board of Education 7_00 PM/7A ADMIN APPT  AP Baker-Burdette.doc,0,1383,1383,recovered
A1 never parsed,no .doc extractor,textutil -convert txt,2020-08-12_Special Meeting of the Board of Education 4_00 PM,3C RTL Plan Fall 2020.doc,2020-08-12_Special Meeting of the Board of Education 4_00 PM/3C RTL Plan Fall 2020.doc,0,1373,1373,recovered
A1 never parsed,no .doc extractor,textutil -convert txt,2025-06-17_Regular Meeting of the Board of Education 7_00 PM,7A ADMIN APPT  AP Baker Ebert.doc,2025-06-17_Regular Meeting of the Board of Education 7_00 PM/7A ADMIN APPT  AP Baker Ebert.doc,0,1367,1367,recovered
A1 never parsed,no .doc extractor,textutil -convert txt,2025-05-20_Regular Meeting of the Board of Education 7_00 PM,M042225SpBdMtg.doc,2025-05-20_Regular Meeting of the Board of Education 7_00 PM/M042225SpBdMtg.doc,0,1347,1347,recovered
A1 never parsed,no .doc extractor,textutil -convert txt,2019-01-01_2019 Board Packets and Minutes,W010819.doc,2019-01-01_2019 Board Packets and Minutes/W010819.doc,0,1341,1341,recovered
A1 never parsed,no .doc extractor,textutil -convert txt,2025-05-20_Regular Meeting of the Board of Education 7_00 PM,6C ADMIN APPT THS AP Allgeier.doc,2025-05-20_Regular Meeting of the Board of Education 7_00 PM/6C ADMIN APPT THS AP Allgeier.doc,0,1329,1329,recovered
A1 never parsed,no .doc extractor,textutil -convert txt,2023-05-16_Regular Meeting of the Board of Education 7_00 PM,ADMIN APPT Principal Barnard - Bush.doc,2023-05-16_Regular Meeting of the Board of Education 7_00 PM/ADMIN APPT Principal Barnard - Bush.doc,0,1328,1328,recovered
A1 never parsed,no .doc extractor,textutil -convert txt,2022-05-17_Regular Meeting of the Board of Education 7_00 PM,M040522BdWkshp.doc,2022-05-17_Regular Meeting of the Board of Education 7_00 PM/M040522BdWkshp.doc,0,1324,1324,recovered
A1 never parsed,no .doc extractor,textutil -convert txt,2023-05-16_Regular Meeting of the Board of Education 7_00 PM,ADMIN APPT Principal Schroeder - Keegan.doc,2023-05-16_Regular Meeting of the Board of Education 7_00 PM/ADMIN APPT Principal Schroeder - Keegan.doc,0,1320,1320,recovered
A1 never parsed,no .doc extractor,textutil -convert txt,2025-12-16_Regular Meeting of the Board of Education 7_00 PM,6A ADMIN APPT Supervisor Data and Research Dennis.doc,2025-12-16_Regular Meeting of the Board of Education 7_00 PM/6A ADMIN APPT Supervisor Data and Research Dennis.doc,0,1320,1320,recovered
A1 never parsed,no .doc extractor,textutil -convert txt,2021-07-20_Regular Meeting of the Board of Education 9_30 AM,M060121BdWkshp.doc,2021-07-20_Regular Meeting of the Board of Education 9_30 AM/M060121BdWkshp.doc,0,1317,1317,recovered
A1 never parsed,no .doc extractor,textutil -convert txt,2024-05-21_Regular Meeting of the Board of Education 7_00 PM,6A ADMIN APPT Finance Director - Malutan.doc,2024-05-21_Regular Meeting of the Board of Education 7_00 PM/6A ADMIN APPT Finance Director - Malutan.doc,0,1313,1313,recovered
A1 never parsed,no .doc extractor,textutil -convert txt,2025-07-15_Regular Meeting of the Board of Education 9_30 AM,M060325SpBdMtg.doc,2025-07-15_Regular Meeting of the Board of Education 9_30 AM/M060325SpBdMtg.doc,0,1308,1308,recovered
A1 never parsed,no .doc extractor,textutil -convert txt,2025-05-20_Regular Meeting of the Board of Education 7_00 PM,6A ADMIN APPT Martell Principal Ivey.doc,2025-05-20_Regular Meeting of the Board of Education 7_00 PM/6A ADMIN APPT Martell Principal Ivey.doc,0,1305,1305,recovered
A1 never parsed,no .doc extractor,textutil -convert txt,2022-04-19_Regular Meeting of the Board of Education 7_00 PM,M030122BdWkshp.doc,2022-04-19_Regular Meeting of the Board of Education 7_00 PM/M030122BdWkshp.doc,0,1296,1296,recovered
A1 never parsed,no .doc extractor,textutil -convert txt,2022-02-15_Regular Meeting of the Board of Education 7_00 PM,M010422BdWkshp.doc,2022-02-15_Regular Meeting of the Board of Education 7_00 PM/M010422BdWkshp.doc,0,1294,1294,recovered
A1 never parsed,no .doc extractor,textutil -convert txt,2025-10-14_Regular Meeting of the Board of Education 7_00 PM,ADMIN APPT Technology Director - Vasovski.doc,2025-10-14_Regular Meeting of the Board of Education 7_00 PM/ADMIN APPT Technology Director - Vasovski.doc,0,1283,1283,recovered
A1 never parsed,no .doc extractor,textutil -convert txt,2025-02-25_Regular Meeting of the Board of Education 7_00 PM,10B MASB BdElection2025Resolution.doc,2025-02-25_Regular Meeting of the Board of Education 7_00 PM/10B MASB BdElection2025Resolution.doc,0,1276,1276,recovered
A1 never parsed,no .doc extractor,textutil -convert txt,2024-06-20_Regular Meeting of the Board of Education 7_00 PM,7B ADMIN APPT Assist Sup Business Services Trudell.doc,2024-06-20_Regular Meeting of the Board of Education 7_00 PM/7B ADMIN APPT Assist Sup Business Services Trudell.doc,0,1264,1264,recovered
A1 never parsed,no .doc extractor,textutil -convert txt,2019-01-01_2019 Board Packets and Minutes,W020519.doc,2019-01-01_2019 Board Packets and Minutes/W020519.doc,0,1250,1250,recovered
A1 never parsed,no .doc extractor,textutil -convert txt,2020-08-18_Regular Meeting of the Board of Education 7_00 PM,10A OCSBA AmendedBylaws.doc,2020-08-18_Regular Meeting of the Board of Education 7_00 PM/10A OCSBA AmendedBylaws.doc,0,1250,1250,recovered
A1 never parsed,no .doc extractor,textutil -convert txt,2021-06-15_Regular Meeting of the Board of Education 7_00 PM,M050421BdWkshp.doc,2021-06-15_Regular Meeting of the Board of Education 7_00 PM/M050421BdWkshp.doc,0,1242,1242,recovered
A1 never parsed,no .doc extractor,textutil -convert txt,2021-04-20_Regular Meeting of the Board of Education 7_00 PM,M030221BdWkshp.doc,2021-04-20_Regular Meeting of the Board of Education 7_00 PM/M030221BdWkshp.doc,0,1218,1218,recovered
A1 never parsed,no .doc extractor,textutil -convert txt,2023-12-12_Regular Meeting of the Board of Education 7_00 PM,6A ADMIN APPT Technology Director - Wissink.doc,2023-12-12_Regular Meeting of the Board of Education 7_00 PM/6A ADMIN APPT Technology Director - Wissink.doc,0,1209,1209,recovered
A1 never parsed,no .doc extractor,textutil -convert txt,2021-07-20_Regular Meeting of the Board of Education 9_30 AM,6B ASST SUPT CONTRACT EXT.doc,2021-07-20_Regular Meeting of the Board of Education 9_30 AM/6B ASST SUPT CONTRACT EXT.doc,0,1203,1203,recovered
A1 never parsed,no .doc extractor,textutil -convert txt,2022-07-26_Regular Meeting of the Board of Education 9_00 AM,6D ASST SUPT CONTRACT EXT.doc,2022-07-26_Regular Meeting of the Board of Education 9_00 AM/6D ASST SUPT CONTRACT EXT.doc,0,1203,1203,recovered
A1 never parsed,no .doc extractor,textutil -convert txt,2020-12-15_Regular Meeting of the Board of Education 7_00 PM,6 A   ELEM-SEC hire list for Board 12.15.20.doc,2020-12-15_Regular Meeting of the Board of Education 7_00 PM/6 A   ELEM-SEC hire list for Board 12.15.20.doc,0,1199,1199,recovered
A1 never parsed,no .doc extractor,textutil -convert txt,2022-07-26_Regular Meeting of the Board of Education 9_00 AM,6B Megan Henry Athens AP.doc,2022-07-26_Regular Meeting of the Board of Education 9_00 AM/6B Megan Henry Athens AP.doc,0,1186,1186,recovered
A1 never parsed,no .doc extractor,textutil -convert txt,2021-11-16_Regular Meeting of the Board of Education 7_00 PM,M100521BdWkshp.doc,2021-11-16_Regular Meeting of the Board of Education 7_00 PM/M100521BdWkshp.doc,0,1179,1179,recovered
A1 never parsed,no .doc extractor,textutil -convert txt,2024-07-16_Regular Meeting of the Board of Education 9_30 AM,5G Waive First Reading policies.doc,2024-07-16_Regular Meeting of the Board of Education 9_30 AM/5G Waive First Reading policies.doc,0,1160,1160,recovered
A1 never parsed,no .doc extractor,textutil -convert txt,2022-07-26_Regular Meeting of the Board of Education 9_00 AM,6A Scott Keen Morse.doc,2022-07-26_Regular Meeting of the Board of Education 9_00 AM/6A Scott Keen Morse.doc,0,1157,1157,recovered
A1 never parsed,no .doc extractor,textutil -convert txt,2025-09-16_Regular Meeting of the Board of Education 7_00 PM,10C NSBA AnnualConf PublicEducationLeaders2026.doc,2025-09-16_Regular Meeting of the Board of Education 7_00 PM/10C NSBA AnnualConf PublicEducationLeaders2026.doc,0,1137,1137,recovered
A1 never parsed,no .doc extractor,textutil -convert txt,2023-09-19_Regular Meeting of the Board of Education 7_00 PM,10C NSBA AnnualConf PublicEducationLeaders2024.doc,2023-09-19_Regular Meeting of the Board of Education 7_00 PM/10C NSBA AnnualConf PublicEducationLeaders2024.doc,0,1133,1133,recovered
A1 never parsed,no .doc extractor,textutil -convert txt,2021-12-14_Regular Meeting of the Board of Education 7_00 PM,M110921BdWkshp.doc,2021-12-14_Regular Meeting of the Board of Education 7_00 PM/M110921BdWkshp.doc,0,1129,1129,recovered
A1 never parsed,no .doc extractor,textutil -convert txt,2020-10-20_Regular Meeting of the Board of Education 7_00 PM,6B TESA Contract TA.doc,2020-10-20_Regular Meeting of the Board of Education 7_00 PM/6B TESA Contract TA.doc,0,1125,1125,recovered
A1 never parsed,no .doc extractor,textutil -convert txt,2024-07-16_Regular Meeting of the Board of Education 9_30 AM,10A SecondRdg+Consider.doc,2024-07-16_Regular Meeting of the Board of Education 9_30 AM/10A SecondRdg+Consider.doc,0,1124,1124,recovered
A1 never parsed,no .doc extractor,textutil -convert txt,2022-03-15_Regular Meeting of the Board of Education 7_00 PM,5 ConsentRes.doc,2022-03-15_Regular Meeting of the Board of Education 7_00 PM/5 ConsentRes.doc,0,1121,1121,recovered
A1 never parsed,no .doc extractor,textutil -convert txt,2024-09-17_Regular Meeting of the Board of Education 7_00 PM,10C NSBA AnnualConf PublicEducationLeaders2025.doc,2024-09-17_Regular Meeting of the Board of Education 7_00 PM/10C NSBA AnnualConf PublicEducationLeaders2025.doc,0,1121,1121,recovered
A1 never parsed,no .doc extractor,textutil -convert txt,2024-09-17_Regular Meeting of the Board of Education 7_00 PM,10A MASBDelegates2024.doc,2024-09-17_Regular Meeting of the Board of Education 7_00 PM/10A MASBDelegates2024.doc,0,1118,1118,recovered
A1 never parsed,no .doc extractor,textutil -convert txt,2022-09-20_Regular Meeting of the Board of Education 7_00 PM,10A MASBDelegates2022.doc,2022-09-20_Regular Meeting of the Board of Education 7_00 PM/10A MASBDelegates2022.doc,0,1113,1113,recovered
A1 never parsed,no .doc extractor,textutil -convert txt,2022-06-21_Regular Meeting of the Board of Education 7_00 PM,M050322BdWkshp.doc,2022-06-21_Regular Meeting of the Board of Education 7_00 PM/M050322BdWkshp.doc,0,1105,1105,recovered
A1 never parsed,no .doc extractor,textutil -convert txt,2025-09-16_Regular Meeting of the Board of Education 7_00 PM,10A MASBDelegates2025.doc,2025-09-16_Regular Meeting of the Board of Education 7_00 PM/10A MASBDelegates2025.doc,0,1103,1103,recovered
A1 never parsed,no .doc extractor,textutil -convert txt,2021-04-20_Regular Meeting of the Board of Education 7_00 PM,M031321BdWinterRetreat.doc,2021-04-20_Regular Meeting of the Board of Education 7_00 PM/M031321BdWinterRetreat.doc,0,1099,1099,recovered
A1 never parsed,no .doc extractor,textutil -convert txt,2020-10-20_Regular Meeting of the Board of Education 7_00 PM,6 A   ELEM-SEC hire list for Board 10.20.20.doc,2020-10-20_Regular Meeting of the Board of Education 7_00 PM/6 A   ELEM-SEC hire list for Board 10.20.20.doc,0,1097,1097,recovered
A1 never parsed,no .doc extractor,textutil -convert txt,2023-09-19_Regular Meeting of the Board of Education 7_00 PM,10A MASBDelegates2023.doc,2023-09-19_Regular Meeting of the Board of Education 7_00 PM/10A MASBDelegates2023.doc,0,1094,1094,recovered
A1 never parsed,no .doc extractor,textutil -convert txt,2022-10-18_Regular Meeting of the Board of Education 7_00 PM,10B OtherNSBA AnnualConf PublicEducationLeaders.doc,2022-10-18_Regular Meeting of the Board of Education 7_00 PM/10B OtherNSBA AnnualConf PublicEducationLeaders.doc,0,1093,1093,recovered
A1 never parsed,no .doc extractor,textutil -convert txt,2022-04-19_Regular Meeting of the Board of Education 7_00 PM,5 ConsentRes.doc,2022-04-19_Regular Meeting of the Board of Education 7_00 PM/5 ConsentRes.doc,0,1087,1087,recovered
A1 never parsed,no .doc extractor,textutil -convert txt,2021-01-19_Organizational and Regular Meeting of the Board of Education 7_00 PM,M120120BdWkshp.doc,2021-01-19_Organizational and Regular Meeting of the Board of Education 7_00 PM/M120120BdWkshp.doc,0,1076,1076,recovered
A1 never parsed,no .doc extractor,textutil -convert txt,2021-09-21_Regular Meeting of the Board of Education 7_00 PM,10A MASBDelegates2021.doc,2021-09-21_Regular Meeting of the Board of Education 7_00 PM/10A MASBDelegates2021.doc,0,1062,1062,recovered
A1 never parsed,no .doc extractor,textutil -convert txt,2021-03-16_Regular Meeting of the Board of Education 7_00 PM,M021921SpBdWkshp.doc,2021-03-16_Regular Meeting of the Board of Education 7_00 PM/M021921SpBdWkshp.doc,0,1054,1054,recovered
A1 never parsed,no .doc extractor,textutil -convert txt,2022-10-18_Regular Meeting of the Board of Education 7_00 PM,10A OtherNSBA AdvocacyInstitute 2023.doc,2022-10-18_Regular Meeting of the Board of Education 7_00 PM/10A OtherNSBA AdvocacyInstitute 2023.doc,0,1048,1048,recovered
A1 never parsed,no .doc extractor,textutil -convert txt,2020-10-20_Regular Meeting of the Board of Education 7_00 PM,M090120BdWkshp.doc,2020-10-20_Regular Meeting of the Board of Education 7_00 PM/M090120BdWkshp.doc,0,1016,1016,recovered
A1 never parsed,no .doc extractor,textutil -convert txt,2020-10-20_Regular Meeting of the Board of Education 7_00 PM,5 ConsentRes.doc,2020-10-20_Regular Meeting of the Board of Education 7_00 PM/5 ConsentRes.doc,0,1014,1014,recovered
A1 never parsed,no .doc extractor,textutil -convert txt,2023-09-19_Regular Meeting of the Board of Education 7_00 PM,10B OtherNSBA AdvocacyInstitute 2024.doc,2023-09-19_Regular Meeting of the Board of Education 7_00 PM/10B OtherNSBA AdvocacyInstitute 2024.doc,0,1000,1000,recovered
A1 never parsed,no .doc extractor,textutil -convert txt,2021-02-23_Regular Meeting of the Board of Education 7_00 PM,M010521BdWkshp.doc,2021-02-23_Regular Meeting of the Board of Education 7_00 PM/M010521BdWkshp.doc,0,996,996,recovered
A1 never parsed,no .doc extractor,textutil -convert txt,2024-09-17_Regular Meeting of the Board of Education 7_00 PM,10B OtherNSBA AdvocacyInstitute 2025.doc,2024-09-17_Regular Meeting of the Board of Education 7_00 PM/10B OtherNSBA AdvocacyInstitute 2025.doc,0,996,996,recovered
A1 never parsed,no .doc extractor,textutil -convert txt,2024-07-16_Regular Meeting of the Board of Education 9_30 AM,6B TESPA Contract TA.doc,2024-07-16_Regular Meeting of the Board of Education 9_30 AM/6B TESPA Contract TA.doc,0,989,989,recovered
A1 never parsed,no .doc extractor,textutil -convert txt,2026-05-19_Regular Meeting of the Board of Education 7_00 PM,5 ConsentRes.doc,2026-05-19_Regular Meeting of the Board of Education 7_00 PM/5 ConsentRes.doc,0,987,987,recovered
A1 never parsed,no .doc extractor,textutil -convert txt,2021-06-15_Regular Meeting of the Board of Education 7_00 PM,7A TESPA Contract TA.doc,2021-06-15_Regular Meeting of the Board of Education 7_00 PM/7A TESPA Contract TA.doc,0,979,979,recovered
A1 never parsed,no .doc extractor,textutil -convert txt,2022-01-18_Organizational and Regular Meeting of the Board of Education 7_00 PM,4B NomElectionOfficeVicePresident.doc,2022-01-18_Organizational and Regular Meeting of the Board of Education 7_00 PM/4B NomElectionOfficeVicePresident.doc,0,966,966,recovered
A1 never parsed,no .doc extractor,textutil -convert txt,2021-02-23_Regular Meeting of the Board of Education 7_00 PM,10A MASBElection2021Resolution.doc,2021-02-23_Regular Meeting of the Board of Education 7_00 PM/10A MASBElection2021Resolution.doc,0,964,964,recovered
A1 never parsed,no .doc extractor,textutil -convert txt,2024-07-16_Regular Meeting of the Board of Education 9_30 AM,6A TESA Contract TA.doc,2024-07-16_Regular Meeting of the Board of Education 9_30 AM/6A TESA Contract TA.doc,0,964,964,recovered
A1 never parsed,no .doc extractor,textutil -convert txt,2023-01-17_Organizational and Regular Meeting of the Board of Education 7_00 PM,4B NomElectionOfficeVicePresident.doc,2023-01-17_Organizational and Regular Meeting of the Board of Education 7_00 PM/4B NomElectionOfficeVicePresident.doc,0,960,960,recovered
A1 never parsed,no .doc extractor,textutil -convert txt,2024-01-16_Organizational and Regular Meeting of the Board of Education 7_00 PM,4B NomElectionOfficeVicePresident.doc,2024-01-16_Organizational and Regular Meeting of the Board of Education 7_00 PM/4B NomElectionOfficeVicePresident.doc,0,960,960,recovered
A1 never parsed,no .doc extractor,textutil -convert txt,2025-01-21_Organizational and Regular Meeting of the Board of Education 7_00 PM,4B NomElectionOfficeVicePresident.doc,2025-01-21_Organizational and Regular Meeting of the Board of Education 7_00 PM/4B NomElectionOfficeVicePresident.doc,0,960,960,recovered
A1 never parsed,no .doc extractor,textutil -convert txt,2026-01-20_Organizational and Regular Meeting of the Board of Education 7_00 PM,4B NomElectionOfficeVicePresident.doc,2026-01-20_Organizational and Regular Meeting of the Board of Education 7_00 PM/4B NomElectionOfficeVicePresident.doc,0,960,960,recovered
A1 never parsed,no .doc extractor,textutil -convert txt,2026-04-21_Regular Meeting of the Board of Education 7_00 PM,5G SecondReadingAdoption Policies.doc,2026-04-21_Regular Meeting of the Board of Education 7_00 PM/5G SecondReadingAdoption Policies.doc,0,957,957,recovered
A1 never parsed,no .doc extractor,textutil -convert txt,2021-01-19_Organizational and Regular Meeting of the Board of Education 7_00 PM,M111020BdWkshp.doc,2021-01-19_Organizational and Regular Meeting of the Board of Education 7_00 PM/M111020BdWkshp.doc,0,954,954,recovered
A1 never parsed,no .doc extractor,textutil -convert txt,2021-04-20_Regular Meeting of the Board of Education 7_00 PM,6A TEA Contract TA.doc,2021-04-20_Regular Meeting of the Board of Education 7_00 PM/6A TEA Contract TA.doc,0,954,954,recovered
A1 never parsed,no .doc extractor,textutil -convert txt,2021-04-20_Regular Meeting of the Board of Education 7_00 PM,M031621ClosedSession.doc,2021-04-20_Regular Meeting of the Board of Education 7_00 PM/M031621ClosedSession.doc,0,947,947,recovered
A1 never parsed,no .doc extractor,textutil -convert txt,2024-06-20_Regular Meeting of the Board of Education 7_00 PM,7C TEA Contract TA.doc,2024-06-20_Regular Meeting of the Board of Education 7_00 PM/7C TEA Contract TA.doc,0,947,947,recovered
A1 never parsed,no .doc extractor,textutil -convert txt,2025-05-20_Regular Meeting of the Board of Education 7_00 PM,5 ConsentRes.doc,2025-05-20_Regular Meeting of the Board of Education 7_00 PM/5 ConsentRes.doc,0,932,932,recovered
A1 never parsed,no .doc extractor,textutil -convert txt,2022-01-18_Organizational and Regular Meeting of the Board of Education 7_00 PM,4C NomElectionOfficeSecretary.doc,2022-01-18_Organizational and Regular Meeting of the Board of Education 7_00 PM/4C NomElectionOfficeSecretary.doc,0,922,922,recovered
A1 never parsed,no .doc extractor,textutil -convert txt,2025-07-15_Regular Meeting of the Board of Education 9_30 AM,5G Reschedule October BdMtg Dec_JanWorkshops.doc,2025-07-15_Regular Meeting of the Board of Education 9_30 AM/5G Reschedule October BdMtg Dec_JanWorkshops.doc,0,917,917,recovered
A1 never parsed,no .doc extractor,textutil -convert txt,2023-01-17_Organizational and Regular Meeting of the Board of Education 7_00 PM,4C NomElectionOfficeSecretary.doc,2023-01-17_Organizational and Regular Meeting of the Board of Education 7_00 PM/4C NomElectionOfficeSecretary.doc,0,916,916,recovered
A1 never parsed,no .doc extractor,textutil -convert txt,2024-01-16_Organizational and Regular Meeting of the Board of Education 7_00 PM,4C NomElectionOfficeSecretary.doc,2024-01-16_Organizational and Regular Meeting of the Board of Education 7_00 PM/4C NomElectionOfficeSecretary.doc,0,916,916,recovered
A1 never parsed,no .doc extractor,textutil -convert txt,2025-01-21_Organizational and Regular Meeting of the Board of Education 7_00 PM,4C NomElectionOfficeSecretary.doc,2025-01-21_Organizational and Regular Meeting of the Board of Education 7_00 PM/4C NomElectionOfficeSecretary.doc,0,916,916,recovered
A1 never parsed,no .doc extractor,textutil -convert txt,2026-01-20_Organizational and Regular Meeting of the Board of Education 7_00 PM,4C NomElectionOfficeSecretary.doc,2026-01-20_Organizational and Regular Meeting of the Board of Education 7_00 PM/4C NomElectionOfficeSecretary.doc,0,916,916,recovered
A1 never parsed,no .doc extractor,textutil -convert txt,2021-01-19_Organizational and Regular Meeting of the Board of Education 7_00 PM,5A2NomElectionOfficeVicePresident.doc,2021-01-19_Organizational and Regular Meeting of the Board of Education 7_00 PM/5A2NomElectionOfficeVicePresident.doc,0,908,908,recovered
A1 never parsed,no .doc extractor,textutil -convert txt,2021-01-19_Organizational and Regular Meeting of the Board of Education 7_00 PM,9 ConsentRes.doc,2021-01-19_Organizational and Regular Meeting of the Board of Education 7_00 PM/9 ConsentRes.doc,0,896,896,recovered
A1 never parsed,no .doc extractor,textutil -convert txt,2021-05-18_Regular Meeting of the Board of Education 7_00 PM,M042021ClosedSession.doc,2021-05-18_Regular Meeting of the Board of Education 7_00 PM/M042021ClosedSession.doc,0,888,888,recovered
A1 never parsed,no .doc extractor,textutil -convert txt,2020-12-15_Regular Meeting of the Board of Education 7_00 PM,M111020BdWkshp.doc,2020-12-15_Regular Meeting of the Board of Education 7_00 PM/M111020BdWkshp.doc,0,882,882,recovered
A1 never parsed,no .doc extractor,textutil -convert txt,2021-01-19_Organizational and Regular Meeting of the Board of Education 7_00 PM,5A3NomElectionOfficeSecretary.doc,2021-01-19_Organizational and Regular Meeting of the Board of Education 7_00 PM/5A3NomElectionOfficeSecretary.doc,0,877,877,recovered
A1 never parsed,no .doc extractor,textutil -convert txt,2026-04-21_Regular Meeting of the Board of Education 7_00 PM,5 ConsentRes.doc,2026-04-21_Regular Meeting of the Board of Education 7_00 PM/5 ConsentRes.doc,0,876,876,recovered
A1 never parsed,no .doc extractor,textutil -convert txt,2022-01-18_Organizational and Regular Meeting of the Board of Education 7_00 PM,4A NomElectionOfficePresident.doc,2022-01-18_Organizational and Regular Meeting of the Board of Education 7_00 PM/4A NomElectionOfficePresident.doc,0,872,872,recovered
A1 never parsed,no .doc extractor,textutil -convert txt,2021-02-23_Regular Meeting of the Board of Education 7_00 PM,5 ConsentRes.doc,2021-02-23_Regular Meeting of the Board of Education 7_00 PM/5 ConsentRes.doc,0,871,871,recovered
A1 never parsed,no .doc extractor,textutil -convert txt,2021-02-23_Regular Meeting of the Board of Education 7_00 PM,6 A   ELEM-SEC hire list for Board 2.23.21.doc,2021-02-23_Regular Meeting of the Board of Education 7_00 PM/6 A   ELEM-SEC hire list for Board 2.23.21.doc,0,871,871,recovered
A1 never parsed,no .doc extractor,textutil -convert txt,2023-03-21_Regular Meeting of the Board of Education 7_00 PM,7D Math Materials Adoption - Elementary.doc,2023-03-21_Regular Meeting of the Board of Education 7_00 PM/7D Math Materials Adoption - Elementary.doc,0,867,867,recovered
A1 never parsed,no .doc extractor,textutil -convert txt,2023-01-17_Organizational and Regular Meeting of the Board of Education 7_00 PM,4A NomElectionOfficePresident.doc,2023-01-17_Organizational and Regular Meeting of the Board of Education 7_00 PM/4A NomElectionOfficePresident.doc,0,866,866,recovered
A1 never parsed,no .doc extractor,textutil -convert txt,2024-01-16_Organizational and Regular Meeting of the Board of Education 7_00 PM,4A NomElectionOfficePresident.doc,2024-01-16_Organizational and Regular Meeting of the Board of Education 7_00 PM/4A NomElectionOfficePresident.doc,0,866,866,recovered
A1 never parsed,no .doc extractor,textutil -convert txt,2025-01-21_Organizational and Regular Meeting of the Board of Education 7_00 PM,4A NomElectionOfficePresident.doc,2025-01-21_Organizational and Regular Meeting of the Board of Education 7_00 PM/4A NomElectionOfficePresident.doc,0,866,866,recovered
A1 never parsed,no .doc extractor,textutil -convert txt,2026-01-20_Organizational and Regular Meeting of the Board of Education 7_00 PM,4A NomElectionOfficePresident.doc,2026-01-20_Organizational and Regular Meeting of the Board of Education 7_00 PM/4A NomElectionOfficePresident.doc,0,866,866,recovered
A1 never parsed,no .doc extractor,textutil -convert txt,2021-02-23_Regular Meeting of the Board of Education 7_00 PM,M011921ClosedSession.doc,2021-02-23_Regular Meeting of the Board of Education 7_00 PM/M011921ClosedSession.doc,0,856,856,recovered
A1 never parsed,no .doc extractor,textutil -convert txt,2022-02-15_Regular Meeting of the Board of Education 7_00 PM,10B MASBElection2022Resolution.doc,2022-02-15_Regular Meeting of the Board of Education 7_00 PM/10B MASBElection2022Resolution.doc,0,853,853,recovered
A1 never parsed,no .doc extractor,textutil -convert txt,2025-08-19_Regular Meeting of the Board of Education 6_00 PM,5E  MHSAA_CooperativeAgreement Downhill Ski.doc,2025-08-19_Regular Meeting of the Board of Education 6_00 PM/5E  MHSAA_CooperativeAgreement Downhill Ski.doc,0,853,853,recovered
A1 never parsed,no .doc extractor,textutil -convert txt,2021-02-23_Regular Meeting of the Board of Education 7_00 PM,M011221SpBdWkshp.doc,2021-02-23_Regular Meeting of the Board of Education 7_00 PM/M011221SpBdWkshp.doc,0,849,849,recovered
A1 never parsed,no .doc extractor,textutil -convert txt,2022-07-26_Regular Meeting of the Board of Education 9_00 AM,10A MHSAA_CooperativeAgreement IceHockey.doc,2022-07-26_Regular Meeting of the Board of Education 9_00 AM/10A MHSAA_CooperativeAgreement IceHockey.doc,0,849,849,recovered
A1 never parsed,no .doc extractor,textutil -convert txt,2024-08-20_Regular Meeting of the Board of Education 6_00 PM,6E Administrative Handbook Extension.doc,2024-08-20_Regular Meeting of the Board of Education 6_00 PM/6E Administrative Handbook Extension.doc,0,845,845,recovered
A1 never parsed,no .doc extractor,textutil -convert txt,2021-01-19_Organizational and Regular Meeting of the Board of Education 7_00 PM,5A1NomElectionOfficePresident.doc,2021-01-19_Organizational and Regular Meeting of the Board of Education 7_00 PM/5A1NomElectionOfficePresident.doc,0,832,832,recovered
A1 never parsed,no .doc extractor,textutil -convert txt,2025-06-17_Regular Meeting of the Board of Education 7_00 PM,8A ElemWritingUnits of Study 061725.doc,2025-06-17_Regular Meeting of the Board of Education 7_00 PM/8A ElemWritingUnits of Study 061725.doc,0,825,825,recovered
A1 never parsed,no .doc extractor,textutil -convert txt,2024-05-21_Regular Meeting of the Board of Education 7_00 PM,7A Math Materials Adoption.doc,2024-05-21_Regular Meeting of the Board of Education 7_00 PM/7A Math Materials Adoption.doc,0,821,821,recovered
A1 never parsed,no .doc extractor,textutil -convert txt,2021-08-17_Regular Meeting of the Board of Education 7_00 PM,6A ADMIN APPT  Principal IA-East Brinks.doc,2021-08-17_Regular Meeting of the Board of Education 7_00 PM/6A ADMIN APPT  Principal IA-East Brinks.doc,0,813,813,recovered
A1 never parsed,no .doc extractor,textutil -convert txt,2020-09-15_Regular Meeting of the Board of Education 7_00 PM,M080520SpBdWkshp.doc,2020-09-15_Regular Meeting of the Board of Education 7_00 PM/M080520SpBdWkshp.doc,0,808,808,recovered
A1 never parsed,no .doc extractor,textutil -convert txt,2023-05-16_Regular Meeting of the Board of Education 7_00 PM,7B MS Math Materials Adoption Resolution.doc,2023-05-16_Regular Meeting of the Board of Education 7_00 PM/7B MS Math Materials Adoption Resolution.doc,0,805,805,recovered
A1 never parsed,no .doc extractor,textutil -convert txt,2021-01-19_Organizational and Regular Meeting of the Board of Education 7_00 PM,M121820ClosedSession.doc,2021-01-19_Organizational and Regular Meeting of the Board of Education 7_00 PM/M121820ClosedSession.doc,0,798,798,recovered
A1 never parsed,no .doc extractor,textutil -convert txt,2024-05-21_Regular Meeting of the Board of Education 7_00 PM,6C ELEM-SEC hire list for Board 5.21.24.doc,2024-05-21_Regular Meeting of the Board of Education 7_00 PM/6C ELEM-SEC hire list for Board 5.21.24.doc,0,797,797,recovered
A1 never parsed,no .doc extractor,textutil -convert txt,2021-05-18_Regular Meeting of the Board of Education 7_00 PM,5 ConsentRes.doc,2021-05-18_Regular Meeting of the Board of Education 7_00 PM/5 ConsentRes.doc,0,790,790,recovered
A1 never parsed,no .doc extractor,textutil -convert txt,2026-06-16_Regular Meeting of the Board of Education 7_00 PM,6 ConsentRes.doc,2026-06-16_Regular Meeting of the Board of Education 7_00 PM/6 ConsentRes.doc,0,785,785,recovered
A1 never parsed,no .doc extractor,textutil -convert txt,2025-06-17_Regular Meeting of the Board of Education 7_00 PM,6 ConsentRes.doc,2025-06-17_Regular Meeting of the Board of Education 7_00 PM/6 ConsentRes.doc,0,774,774,recovered
A1 never parsed,no .doc extractor,textutil -convert txt,2023-06-13_Regular Meeting of the Board of Education 7_30 PM,M050223ClosedSession.doc,2023-06-13_Regular Meeting of the Board of Education 7_30 PM/M050223ClosedSession.doc,0,765,765,recovered
A1 never parsed,no .doc extractor,textutil -convert txt,2024-02-27_Regular Meeting of the Board of Education 7_00 PM,5 ConsentRes.doc,2024-02-27_Regular Meeting of the Board of Education 7_00 PM/5 ConsentRes.doc,0,757,757,recovered
A1 never parsed,no .doc extractor,textutil -convert txt,2020-10-20_Regular Meeting of the Board of Education 7_00 PM,M091520ClosedSession.doc,2020-10-20_Regular Meeting of the Board of Education 7_00 PM/M091520ClosedSession.doc,0,755,755,recovered
A1 never parsed,no .doc extractor,textutil -convert txt,2023-10-17_Regular Meeting of the Board of Education 7_00 PM,6 A  ELEM-SEC hire list for Board 10.17.23.doc,2023-10-17_Regular Meeting of the Board of Education 7_00 PM/6 A  ELEM-SEC hire list for Board 10.17.23.doc,0,753,753,recovered
A1 never parsed,no .doc extractor,textutil -convert txt,2021-06-15_Special Meeting of the Board of Education 6_00 PM,3A ClosedSession_SuptEval.doc,2021-06-15_Special Meeting of the Board of Education 6_00 PM/3A ClosedSession_SuptEval.doc,0,752,752,recovered
A1 never parsed,no .doc extractor,textutil -convert txt,2020-09-15_Regular Meeting of the Board of Education 7_00 PM,11A ClosedSession_Negotiations.doc,2020-09-15_Regular Meeting of the Board of Education 7_00 PM/11A ClosedSession_Negotiations.doc,0,749,749,recovered
A1 never parsed,no .doc extractor,textutil -convert txt,2024-01-16_Organizational and Regular Meeting of the Board of Education 7_00 PM,9 A ELEM-SEC hire list for Board 1.16.24.doc,2024-01-16_Organizational and Regular Meeting of the Board of Education 7_00 PM/9 A ELEM-SEC hire list for Board 1.16.24.doc,0,746,746,recovered
A1 never parsed,no .doc extractor,textutil -convert txt,2024-05-21_Regular Meeting of the Board of Education 7_00 PM,5 ConsentRes.doc,2024-05-21_Regular Meeting of the Board of Education 7_00 PM/5 ConsentRes.doc,0,733,733,recovered
A1 never parsed,no .doc extractor,textutil -convert txt,2020-09-01_Special Meeting of the Board of Education 7_00 PM or Immediately Following Workshop,3B PurchasingPolicyRevision.doc,2020-09-01_Special Meeting of the Board of Education 7_00 PM or Immediately Following Workshop/3B PurchasingPolicyRevision.doc,0,731,731,recovered
A1 never parsed,no .doc extractor,textutil -convert txt,2023-12-12_Regular Meeting of the Board of Education 7_00 PM,6 B  ELEM-SEC hire list for Board 12.12.doc,2023-12-12_Regular Meeting of the Board of Education 7_00 PM/6 B  ELEM-SEC hire list for Board 12.12.doc,0,730,730,recovered
A1 never parsed,no .doc extractor,textutil -convert txt,2021-03-16_Special Meeting of the Board of Education 6_00 PM,4A ClosedSession_negotiations.doc,2021-03-16_Special Meeting of the Board of Education 6_00 PM/4A ClosedSession_negotiations.doc,0,727,727,recovered
A1 never parsed,no .doc extractor,textutil -convert txt,2021-07-20_Regular Meeting of the Board of Education 9_30 AM,M061521ClosedSession.doc,2021-07-20_Regular Meeting of the Board of Education 9_30 AM/M061521ClosedSession.doc,0,719,719,recovered
A1 never parsed,no .doc extractor,textutil -convert txt,2021-01-19_Organizational and Regular Meeting of the Board of Education 7_00 PM,5D Board_DistrictLegalCounsel.doc,2021-01-19_Organizational and Regular Meeting of the Board of Education 7_00 PM/5D Board_DistrictLegalCounsel.doc,0,718,718,recovered
A1 never parsed,no .doc extractor,textutil -convert txt,2026-01-20_Organizational and Regular Meeting of the Board of Education 7_00 PM,9B TESPA CONTRACT EXTENSION 2028-2030.doc,2026-01-20_Organizational and Regular Meeting of the Board of Education 7_00 PM/9B TESPA CONTRACT EXTENSION 2028-2030.doc,0,716,716,recovered
A1 never parsed,no .doc extractor,textutil -convert txt,2022-07-26_Regular Meeting of the Board of Education 9_00 AM,M062122ClosedSession.doc,2022-07-26_Regular Meeting of the Board of Education 9_00 AM/M062122ClosedSession.doc,0,714,714,recovered
A1 never parsed,no .doc extractor,textutil -convert txt,2025-05-20_Regular Meeting of the Board of Education 7_00 PM,M042225ClosedSession.doc,2025-05-20_Regular Meeting of the Board of Education 7_00 PM/M042225ClosedSession.doc,0,714,714,recovered
A1 never parsed,no .doc extractor,textutil -convert txt,2021-04-20_Regular Meeting of the Board of Education 7_00 PM,5 ConsentRes.doc,2021-04-20_Regular Meeting of the Board of Education 7_00 PM/5 ConsentRes.doc,0,711,711,recovered
A1 never parsed,no .doc extractor,textutil -convert txt,2026-03-17_Regular Meeting of the Board of Education 7_00 PM,6 A ELEM-SEC hire list for Board 3.17.26.doc,2026-03-17_Regular Meeting of the Board of Education 7_00 PM/6 A ELEM-SEC hire list for Board 3.17.26.doc,0,707,707,recovered
A1 never parsed,no .doc extractor,textutil -convert txt,2026-01-20_Organizational and Regular Meeting of the Board of Education 7_00 PM,9A TESA CONTRACT EXTENSION 2028-2030.doc,2026-01-20_Organizational and Regular Meeting of the Board of Education 7_00 PM/9A TESA CONTRACT EXTENSION 2028-2030.doc,0,700,700,recovered
A1 never parsed,no .doc extractor,textutil -convert txt,2023-05-16_Regular Meeting of the Board of Education 7_00 PM,5 ConsentRes.doc,2023-05-16_Regular Meeting of the Board of Education 7_00 PM/5 ConsentRes.doc,0,692,692,recovered
A1 never parsed,no .doc extractor,textutil -convert txt,2021-03-16_Regular Meeting of the Board of Education 7_00 PM,5 ConsentRes.doc,2021-03-16_Regular Meeting of the Board of Education 7_00 PM/5 ConsentRes.doc,0,690,690,recovered
A1 never parsed,no .doc extractor,textutil -convert txt,2021-07-20_Regular Meeting of the Board of Education 9_30 AM,5 ConsentRes.doc,2021-07-20_Regular Meeting of the Board of Education 9_30 AM/5 ConsentRes.doc,0,685,685,recovered
A1 never parsed,no .doc extractor,textutil -convert txt,2022-05-17_Regular Meeting of the Board of Education 7_00 PM,5 ConsentRes.doc,2022-05-17_Regular Meeting of the Board of Education 7_00 PM/5 ConsentRes.doc,0,685,685,recovered
A1 never parsed,no .doc extractor,textutil -convert txt,2023-06-13_Regular Meeting of the Board of Education 7_30 PM,6 ConsentRes.doc,2023-06-13_Regular Meeting of the Board of Education 7_30 PM/6 ConsentRes.doc,0,685,685,recovered
A1 never parsed,no .doc extractor,textutil -convert txt,2021-01-19_Organizational and Regular Meeting of the Board of Education 7_00 PM,5H BoardCommittees 2021.doc,2021-01-19_Organizational and Regular Meeting of the Board of Education 7_00 PM/5H BoardCommittees 2021.doc,0,684,684,recovered
A1 never parsed,no .doc extractor,textutil -convert txt,2023-09-19_Regular Meeting of the Board of Education 7_00 PM,M081523ClosedSession.doc,2023-09-19_Regular Meeting of the Board of Education 7_00 PM/M081523ClosedSession.doc,0,684,684,recovered
A1 never parsed,no .doc extractor,textutil -convert txt,2020-09-15_Regular Meeting of the Board of Education 7_00 PM,5 ConsentRes.doc,2020-09-15_Regular Meeting of the Board of Education 7_00 PM/5 ConsentRes.doc,0,681,681,recovered
A1 never parsed,no .doc extractor,textutil -convert txt,2020-08-18_Regular Meeting of the Board of Education 7_00 PM,5 ConsentRes.doc,2020-08-18_Regular Meeting of the Board of Education 7_00 PM/5 ConsentRes.doc,0,680,680,recovered
A1 never parsed,no .doc extractor,textutil -convert txt,2023-04-18_Regular Meeting of the Board of Education 7_00 PM,5 ConsentRes.doc,2023-04-18_Regular Meeting of the Board of Education 7_00 PM/5 ConsentRes.doc,0,680,680,recovered
A1 never parsed,no .doc extractor,textutil -convert txt,2024-03-19_Regular Meeting of the Board of Education 7_00 PM,6 A  ELEM-SEC hire list for Board 3.19.24.doc,2024-03-19_Regular Meeting of the Board of Education 7_00 PM/6 A  ELEM-SEC hire list for Board 3.19.24.doc,0,679,679,recovered
A1 never parsed,no .doc extractor,textutil -convert txt,2024-09-17_Regular Meeting of the Board of Education 7_00 PM,M082024ClosedSession.doc,2024-09-17_Regular Meeting of the Board of Education 7_00 PM/M082024ClosedSession.doc,0,677,677,recovered
A1 never parsed,no .doc extractor,textutil -convert txt,2021-12-14_Regular Meeting of the Board of Education 7_00 PM,5 ConsentRes.doc,2021-12-14_Regular Meeting of the Board of Education 7_00 PM/5 ConsentRes.doc,0,676,676,recovered
A1 never parsed,no .doc extractor,textutil -convert txt,2021-11-16_Regular Meeting of the Board of Education 7_00 PM,5 ConsentRes.doc,2021-11-16_Regular Meeting of the Board of Education 7_00 PM/5 ConsentRes.doc,0,673,673,recovered
A1 never parsed,no .doc extractor,textutil -convert txt,2023-07-18_Regular Meeting of the Board of Education 9_30 AM,M060623ClosedSession.doc,2023-07-18_Regular Meeting of the Board of Education 9_30 AM/M060623ClosedSession.doc,0,672,672,recovered
A1 never parsed,no .doc extractor,textutil -convert txt,2025-07-15_Regular Meeting of the Board of Education 9_30 AM,M060325ClosedSession.doc,2025-07-15_Regular Meeting of the Board of Education 9_30 AM/M060325ClosedSession.doc,0,667,667,recovered
A1 never parsed,no .doc extractor,textutil -convert txt,2021-11-16_Regular Meeting of the Board of Education 7_00 PM,6 A  ELEM-SEC hire list for Board 11.16.21.doc,2021-11-16_Regular Meeting of the Board of Education 7_00 PM/6 A  ELEM-SEC hire list for Board 11.16.21.doc,0,655,655,recovered
A1 never parsed,no .doc extractor,textutil -convert txt,2021-04-20_Special Meeting of the Board of Education 6_00 PM,3A ClosedSession_negotiations.doc,2021-04-20_Special Meeting of the Board of Education 6_00 PM/3A ClosedSession_negotiations.doc,0,653,653,recovered
A1 never parsed,no .doc extractor,textutil -convert txt,2022-03-15_Regular Meeting of the Board of Education 7_00 PM,5E Reschedule June 7 Workshop to June 14.doc,2022-03-15_Regular Meeting of the Board of Education 7_00 PM/5E Reschedule June 7 Workshop to June 14.doc,0,641,641,recovered
A1 never parsed,no .doc extractor,textutil -convert txt,2022-02-15_Regular Meeting of the Board of Education 7_00 PM,5 ConsentRes.doc,2022-02-15_Regular Meeting of the Board of Education 7_00 PM/5 ConsentRes.doc,0,640,640,recovered
A1 never parsed,no .doc extractor,textutil -convert txt,2022-01-18_Organizational and Regular Meeting of the Board of Education 7_00 PM,4F Board_DistrictLegalCounsel.doc,2022-01-18_Organizational and Regular Meeting of the Board of Education 7_00 PM/4F Board_DistrictLegalCounsel.doc,0,639,639,recovered
A1 never parsed,no .doc extractor,textutil -convert txt,2023-01-17_Organizational and Regular Meeting of the Board of Education 7_00 PM,4F Board_DistrictLegalCounsel.doc,2023-01-17_Organizational and Regular Meeting of the Board of Education 7_00 PM/4F Board_DistrictLegalCounsel.doc,0,639,639,recovered
A1 never parsed,no .doc extractor,textutil -convert txt,2024-01-16_Organizational and Regular Meeting of the Board of Education 7_00 PM,4F Board_DistrictLegalCounsel.doc,2024-01-16_Organizational and Regular Meeting of the Board of Education 7_00 PM/4F Board_DistrictLegalCounsel.doc,0,639,639,recovered
A1 never parsed,no .doc extractor,textutil -convert txt,2025-01-21_Organizational and Regular Meeting of the Board of Education 7_00 PM,4F Board_DistrictLegalCounsel.doc,2025-01-21_Organizational and Regular Meeting of the Board of Education 7_00 PM/4F Board_DistrictLegalCounsel.doc,0,639,639,recovered
A1 never parsed,no .doc extractor,textutil -convert txt,2026-01-20_Organizational and Regular Meeting of the Board of Education 7_00 PM,4F Board_DistrictLegalCounsel.doc,2026-01-20_Organizational and Regular Meeting of the Board of Education 7_00 PM/4F Board_DistrictLegalCounsel.doc,0,639,639,recovered
A1 never parsed,no .doc extractor,textutil -convert txt,2021-08-17_Regular Meeting of the Board of Education 7_00 PM,5 ConsentRes.doc,2021-08-17_Regular Meeting of the Board of Education 7_00 PM/5 ConsentRes.doc,0,636,636,recovered
A1 never parsed,no .doc extractor,textutil -convert txt,2024-04-16_Regular Meeting of the Board of Education 7_00 PM,5 ConsentRes.doc,2024-04-16_Regular Meeting of the Board of Education 7_00 PM/5 ConsentRes.doc,0,636,636,recovered
A1 never parsed,no .doc extractor,textutil -convert txt,2020-12-15_Regular Meeting of the Board of Education 7_00 PM,5 ConsentRes.doc,2020-12-15_Regular Meeting of the Board of Education 7_00 PM/5 ConsentRes.doc,0,633,633,recovered
A1 never parsed,no .doc extractor,textutil -convert txt,2024-11-19_Regular Meeting of the Board of Education 7_00 PM,5D Reschedule January 7 Workshop to January 14.doc,2024-11-19_Regular Meeting of the Board of Education 7_00 PM/5D Reschedule January 7 Workshop to January 14.doc,0,630,630,recovered
A1 never parsed,no .doc extractor,textutil -convert txt,2022-11-15_Regular Meeting of the Board of Education 7_00 PM,5D Reschedule January 3 Workshop to January 10.doc,2022-11-15_Regular Meeting of the Board of Education 7_00 PM/5D Reschedule January 3 Workshop to January 10.doc,0,629,629,recovered
A1 never parsed,no .doc extractor,textutil -convert txt,2025-02-25_Regular Meeting of the Board of Education 7_00 PM,5 ConsentRes.doc,2025-02-25_Regular Meeting of the Board of Education 7_00 PM/5 ConsentRes.doc,0,617,617,recovered
A1 never parsed,no .doc extractor,textutil -convert txt,2020-11-17_Regular Meeting of the Board of Education 7_00 PM,5 ConsentRes.doc,2020-11-17_Regular Meeting of the Board of Education 7_00 PM/5 ConsentRes.doc,0,612,612,recovered
A1 never parsed,no .doc extractor,textutil -convert txt,2024-01-16_Organizational and Regular Meeting of the Board of Education 7_00 PM,8 ConsentRes.doc,2024-01-16_Organizational and Regular Meeting of the Board of Education 7_00 PM/8 ConsentRes.doc,0,609,609,recovered
A1 never parsed,no .doc extractor,textutil -convert txt,2025-03-18_Regular Meeting of the Board of Education 7_00 PM,5E Reschedule April 15 Meeting to April 22.doc,2025-03-18_Regular Meeting of the Board of Education 7_00 PM/5E Reschedule April 15 Meeting to April 22.doc,0,607,607,recovered
A1 never parsed,no .doc extractor,textutil -convert txt,2026-04-07_Special Meeting of the Board of Education 6_00 PM,4A Reschedule May 5 Workshop to April 28.doc,2026-04-07_Special Meeting of the Board of Education 6_00 PM/4A Reschedule May 5 Workshop to April 28.doc,0,602,602,recovered
A1 never parsed,no .doc extractor,textutil -convert txt,2026-04-28_Special Meeting of the Board of Education 5_30 PM,4A TEA CONTRACT Approval 2028-2030.doc,2026-04-28_Special Meeting of the Board of Education 5_30 PM/4A TEA CONTRACT Approval 2028-2030.doc,0,600,600,recovered
A1 never parsed,no .doc extractor,textutil -convert txt,2026-07-22_Regular Meeting of the Board of Education 1_00 PM,5 ConsentRes.doc,2026-07-22_Regular Meeting of the Board of Education 1_00 PM/5 ConsentRes.doc,0,599,599,recovered
A1 never parsed,no .doc extractor,textutil -convert txt,2023-02-14_Regular Meeting of the Board of Education 7_00 PM,5 ConsentRes.doc,2023-02-14_Regular Meeting of the Board of Education 7_00 PM/5 ConsentRes.doc,0,596,596,recovered
A1 never parsed,no .doc extractor,textutil -convert txt,2022-02-15_Regular Meeting of the Board of Education 7_00 PM,6A  ELEM-SEC hire list for Board 2.15.22.doc,2022-02-15_Regular Meeting of the Board of Education 7_00 PM/6A  ELEM-SEC hire list for Board 2.15.22.doc,0,594,594,recovered
A1 never parsed,no .doc extractor,textutil -convert txt,2025-03-18_Regular Meeting of the Board of Education 7_00 PM,5 ConsentRes.doc,2025-03-18_Regular Meeting of the Board of Education 7_00 PM/5 ConsentRes.doc,0,576,576,recovered
A1 never parsed,no .doc extractor,textutil -convert txt,2023-04-18_Regular Meeting of the Board of Education 7_00 PM,6 E  ELEM-SEC hire list for Board 4.18.23.doc,2023-04-18_Regular Meeting of the Board of Education 7_00 PM/6 E  ELEM-SEC hire list for Board 4.18.23.doc,0,564,564,recovered
A1 never parsed,no .doc extractor,textutil -convert txt,2021-06-15_Regular Meeting of the Board of Education 7_00 PM,6 ConsentRes.doc,2021-06-15_Regular Meeting of the Board of Education 7_00 PM/6 ConsentRes.doc,0,547,547,recovered
A1 never parsed,no .doc extractor,textutil -convert txt,2021-06-15_Regular Meeting of the Board of Education 7_00 PM,11A ChangeTimeJulyBoardMtg.doc,2021-06-15_Regular Meeting of the Board of Education 7_00 PM/11A ChangeTimeJulyBoardMtg.doc,0,542,542,recovered
A1 never parsed,no .doc extractor,textutil -convert txt,2022-06-21_Regular Meeting of the Board of Education 7_00 PM,6 ConsentRes.doc,2022-06-21_Regular Meeting of the Board of Education 7_00 PM/6 ConsentRes.doc,0,538,538,recovered
A1 never parsed,no .doc extractor,textutil -convert txt,2025-04-22_Regular Meeting of the Board of Education 7_00 PM,5 ConsentRes.doc,2025-04-22_Regular Meeting of the Board of Education 7_00 PM/5 ConsentRes.doc,0,536,536,recovered
A1 never parsed,no .doc extractor,textutil -convert txt,2021-01-19_Organizational and Regular Meeting of the Board of Education 7_00 PM,3 ElectActingChair.doc,2021-01-19_Organizational and Regular Meeting of the Board of Education 7_00 PM/3 ElectActingChair.doc,0,527,527,recovered
A1 never parsed,no .doc extractor,textutil -convert txt,2023-03-21_Regular Meeting of the Board of Education 7_00 PM,5 ConsentRes.doc,2023-03-21_Regular Meeting of the Board of Education 7_00 PM/5 ConsentRes.doc,0,523,523,recovered
A1 never parsed,no .doc extractor,textutil -convert txt,2021-09-21_Regular Meeting of the Board of Education 7_00 PM,5 ConsentRes.doc,2021-09-21_Regular Meeting of the Board of Education 7_00 PM/5 ConsentRes.doc,0,522,522,recovered
A1 never parsed,no .doc extractor,textutil -convert txt,2026-01-20_Organizational and Regular Meeting of the Board of Education 7_00 PM,2 ElectActingChair.doc,2026-01-20_Organizational and Regular Meeting of the Board of Education 7_00 PM/2 ElectActingChair.doc,0,518,518,recovered
A1 never parsed,no .doc extractor,textutil -convert txt,2024-03-19_Regular Meeting of the Board of Education 7_00 PM,5 ConsentRes.doc,2024-03-19_Regular Meeting of the Board of Education 7_00 PM/5 ConsentRes.doc,0,512,512,recovered
A1 never parsed,no .doc extractor,textutil -convert txt,2021-01-19_Organizational and Regular Meeting of the Board of Education 7_00 PM,5E ApptDeputySecretary.doc,2021-01-19_Organizational and Regular Meeting of the Board of Education 7_00 PM/5E ApptDeputySecretary.doc,0,509,509,recovered
A1 never parsed,no .doc extractor,textutil -convert txt,2021-01-19_Organizational and Regular Meeting of the Board of Education 7_00 PM,5F PostingNoticesofMeetingsDesignation.doc,2021-01-19_Organizational and Regular Meeting of the Board of Education 7_00 PM/5F PostingNoticesofMeetingsDesignation.doc,0,494,494,recovered
A1 never parsed,no .doc extractor,textutil -convert txt,2021-10-19_Regular Meeting of the Board of Education 7_00 PM,5 ConsentRes.doc,2021-10-19_Regular Meeting of the Board of Education 7_00 PM/5 ConsentRes.doc,0,483,483,recovered
A1 never parsed,no .doc extractor,textutil -convert txt,2022-02-15_Regular Meeting of the Board of Education 7_00 PM,5D Cancel March12 WinterRetreat Reschedule July 19 BOE Mtg to July 26.doc,2022-02-15_Regular Meeting of the Board of Education 7_00 PM/5D Cancel March12 WinterRetreat Reschedule July 19 BOE Mtg to July 26.doc,0,481,481,recovered
A1 never parsed,no .doc extractor,textutil -convert txt,2025-01-21_Organizational and Regular Meeting of the Board of Education 7_00 PM,9 ConsentRes.doc,2025-01-21_Organizational and Regular Meeting of the Board of Education 7_00 PM/9 ConsentRes.doc,0,472,472,recovered
A1 never parsed,no .doc extractor,textutil -convert txt,2022-01-18_Organizational and Regular Meeting of the Board of Education 7_00 PM,8 ConsentRes.doc,2022-01-18_Organizational and Regular Meeting of the Board of Education 7_00 PM/8 ConsentRes.doc,0,471,471,recovered
A1 never parsed,no .doc extractor,textutil -convert txt,2021-01-19_Organizational and Regular Meeting of the Board of Education 7_00 PM,5G Board Meetings Schedule2020.doc,2021-01-19_Organizational and Regular Meeting of the Board of Education 7_00 PM/5G Board Meetings Schedule2020.doc,0,470,470,recovered
A1 never parsed,no .doc extractor,textutil -convert txt,2023-04-18_Regular Meeting of the Board of Education 7_00 PM,5F Reschedule June 20 BOE Mtg to June 13 at THS.doc,2023-04-18_Regular Meeting of the Board of Education 7_00 PM/5F Reschedule June 20 BOE Mtg to June 13 at THS.doc,0,451,451,recovered
A1 never parsed,no .doc extractor,textutil -convert txt,2025-01-21_Organizational and Regular Meeting of the Board of Education 7_00 PM,2 ElectActingChair.doc,2025-01-21_Organizational and Regular Meeting of the Board of Education 7_00 PM/2 ElectActingChair.doc,0,439,439,recovered
A1 never parsed,no .doc extractor,textutil -convert txt,2022-01-18_Organizational and Regular Meeting of the Board of Education 7_00 PM,2 ElectActingChair.doc,2022-01-18_Organizational and Regular Meeting of the Board of Education 7_00 PM/2 ElectActingChair.doc,0,435,435,recovered
A1 never parsed,no .doc extractor,textutil -convert txt,2024-01-16_Organizational and Regular Meeting of the Board of Education 7_00 PM,2 ElectActingChair.doc,2024-01-16_Organizational and Regular Meeting of the Board of Education 7_00 PM/2 ElectActingChair.doc,0,435,435,recovered
A1 never parsed,no .doc extractor,textutil -convert txt,2022-01-18_Organizational and Regular Meeting of the Board of Education 7_00 PM,4G ApptDeputySecretary.doc,2022-01-18_Organizational and Regular Meeting of the Board of Education 7_00 PM/4G ApptDeputySecretary.doc,0,434,434,recovered
A1 never parsed,no .doc extractor,textutil -convert txt,2023-01-17_Organizational and Regular Meeting of the Board of Education 7_00 PM,4G ApptDeputySecretary.doc,2023-01-17_Organizational and Regular Meeting of the Board of Education 7_00 PM/4G ApptDeputySecretary.doc,0,434,434,recovered
A1 never parsed,no .doc extractor,textutil -convert txt,2024-01-16_Organizational and Regular Meeting of the Board of Education 7_00 PM,4G ApptDeputySecretary.doc,2024-01-16_Organizational and Regular Meeting of the Board of Education 7_00 PM/4G ApptDeputySecretary.doc,0,434,434,recovered
A1 never parsed,no .doc extractor,textutil -convert txt,2025-01-21_Organizational and Regular Meeting of the Board of Education 7_00 PM,4G ApptDeputySecretary.doc,2025-01-21_Organizational and Regular Meeting of the Board of Education 7_00 PM/4G ApptDeputySecretary.doc,0,434,434,recovered
A1 never parsed,no .doc extractor,textutil -convert txt,2026-01-20_Organizational and Regular Meeting of the Board of Education 7_00 PM,4G ApptDeputySecretary.doc,2026-01-20_Organizational and Regular Meeting of the Board of Education 7_00 PM/4G ApptDeputySecretary.doc,0,434,434,recovered
A1 never parsed,no .doc extractor,textutil -convert txt,2022-01-18_Organizational and Regular Meeting of the Board of Education 7_00 PM,4H PostingNoticesofMeetingsDesignation.doc,2022-01-18_Organizational and Regular Meeting of the Board of Education 7_00 PM/4H PostingNoticesofMeetingsDesignation.doc,0,419,419,recovered
A1 never parsed,no .doc extractor,textutil -convert txt,2023-01-17_Organizational and Regular Meeting of the Board of Education 7_00 PM,4H PostingNoticesofMeetingsDesignation.doc,2023-01-17_Organizational and Regular Meeting of the Board of Education 7_00 PM/4H PostingNoticesofMeetingsDesignation.doc,0,419,419,recovered
A1 never parsed,no .doc extractor,textutil -convert txt,2024-01-16_Organizational and Regular Meeting of the Board of Education 7_00 PM,4H PostingNoticesofMeetingsDesignation.doc,2024-01-16_Organizational and Regular Meeting of the Board of Education 7_00 PM/4H PostingNoticesofMeetingsDesignation.doc,0,419,419,recovered
A1 never parsed,no .doc extractor,textutil -convert txt,2025-01-21_Organizational and Regular Meeting of the Board of Education 7_00 PM,4H PostingNoticesofMeetingsDesignation.doc,2025-01-21_Organizational and Regular Meeting of the Board of Education 7_00 PM/4H PostingNoticesofMeetingsDesignation.doc,0,419,419,recovered
A1 never parsed,no .doc extractor,textutil -convert txt,2026-01-20_Organizational and Regular Meeting of the Board of Education 7_00 PM,4H PostingNoticesofMeetingsDesignation.doc,2026-01-20_Organizational and Regular Meeting of the Board of Education 7_00 PM/4H PostingNoticesofMeetingsDesignation.doc,0,419,419,recovered
A1 never parsed,no .doc extractor,textutil -convert txt,2021-06-15_Regular Meeting of the Board of Education 7_00 PM,9.C. Safe-Ed Contract Proposal 2021 thru2024 Financials.doc,2021-06-15_Regular Meeting of the Board of Education 7_00 PM/9.C. Safe-Ed Contract Proposal 2021 thru2024 Financials.doc,0,401,401,recovered
A1 never parsed,no .doc extractor,textutil -convert txt,2022-01-18_Organizational and Regular Meeting of the Board of Education 7_00 PM,4I Board Meetings Schedule2022.doc,2022-01-18_Organizational and Regular Meeting of the Board of Education 7_00 PM/4I Board Meetings Schedule2022.doc,0,395,395,recovered
A1 never parsed,no .doc extractor,textutil -convert txt,2023-01-17_Organizational and Regular Meeting of the Board of Education 7_00 PM,4I Board Meetings Schedule2023.doc,2023-01-17_Organizational and Regular Meeting of the Board of Education 7_00 PM/4I Board Meetings Schedule2023.doc,0,395,395,recovered
A1 never parsed,no .doc extractor,textutil -convert txt,2024-01-16_Organizational and Regular Meeting of the Board of Education 7_00 PM,4I Board Meetings Schedule2024.doc,2024-01-16_Organizational and Regular Meeting of the Board of Education 7_00 PM/4I Board Meetings Schedule2024.doc,0,395,395,recovered
A1 never parsed,no .doc extractor,textutil -convert txt,2025-01-21_Organizational and Regular Meeting of the Board of Education 7_00 PM,4I Board Meetings Schedule2025.doc,2025-01-21_Organizational and Regular Meeting of the Board of Education 7_00 PM/4I Board Meetings Schedule2025.doc,0,395,395,recovered
A1 never parsed,no .doc extractor,textutil -convert txt,2026-01-20_Organizational and Regular Meeting of the Board of Education 7_00 PM,4I Board Meetings Schedule2026.doc,2026-01-20_Organizational and Regular Meeting of the Board of Education 7_00 PM/4I Board Meetings Schedule2026.doc,0,395,395,recovered
A1 never parsed,no .doc extractor,textutil -convert txt,2021-02-23_Regular Meeting of the Board of Education 7_00 PM,7C SOC Intro.doc,2021-02-23_Regular Meeting of the Board of Education 7_00 PM/7C SOC Intro.doc,0,394,394,recovered
A1 never parsed,no .doc extractor,textutil -convert txt,2022-01-18_Organizational and Regular Meeting of the Board of Education 7_00 PM,4J BoardCommittees 2022.doc,2022-01-18_Organizational and Regular Meeting of the Board of Education 7_00 PM/4J BoardCommittees 2022.doc,0,377,377,recovered
A1 never parsed,no .doc extractor,textutil -convert txt,2023-01-17_Organizational and Regular Meeting of the Board of Education 7_00 PM,4J BoardCommittees 2023.doc,2023-01-17_Organizational and Regular Meeting of the Board of Education 7_00 PM/4J BoardCommittees 2023.doc,0,377,377,recovered
A1 never parsed,no .doc extractor,textutil -convert txt,2024-01-16_Organizational and Regular Meeting of the Board of Education 7_00 PM,4J BoardCommittees 2024.doc,2024-01-16_Organizational and Regular Meeting of the Board of Education 7_00 PM/4J BoardCommittees 2024.doc,0,377,377,recovered
A1 never parsed,no .doc extractor,textutil -convert txt,2025-01-21_Organizational and Regular Meeting of the Board of Education 7_00 PM,4J BoardCommittees 2025.doc,2025-01-21_Organizational and Regular Meeting of the Board of Education 7_00 PM/4J BoardCommittees 2025.doc,0,377,377,recovered
A1 never parsed,no .doc extractor,textutil -convert txt,2021-02-23_Regular Meeting of the Board of Education 7_00 PM,7A IntroEnrollProj.doc,2021-02-23_Regular Meeting of the Board of Education 7_00 PM/7A IntroEnrollProj.doc,0,369,369,recovered
A1 never parsed,no .doc extractor,textutil -convert txt,2024-02-27_Regular Meeting of the Board of Education 7_00 PM,"5I Cancel March 9, 2024 Board Winter Retreat.doc","2024-02-27_Regular Meeting of the Board of Education 7_00 PM/5I Cancel March 9, 2024 Board Winter Retreat.doc",0,349,349,recovered
A1 never parsed,no .doc extractor,textutil -convert txt,2023-09-19_Regular Meeting of the Board of Education 7_00 PM,"5G Cancel November 21, 2023 Board Meeting.doc","2023-09-19_Regular Meeting of the Board of Education 7_00 PM/5G Cancel November 21, 2023 Board Meeting.doc",0,343,343,recovered
A1 never parsed,no .doc extractor,textutil -convert txt,2023-02-14_Regular Meeting of the Board of Education 7_00 PM,7A HS Course Catalogue 23-24 Report.doc,2023-02-14_Regular Meeting of the Board of Education 7_00 PM/7A HS Course Catalogue 23-24 Report.doc,0,339,339,recovered
A1 never parsed,no .doc extractor,textutil -convert txt,2021-08-17_Regular Meeting of the Board of Education 7_00 PM,7A Strategic Planning Update intro.doc,2021-08-17_Regular Meeting of the Board of Education 7_00 PM/7A Strategic Planning Update intro.doc,0,334,334,recovered
A1 never parsed,no .doc extractor,textutil -convert txt,2021-01-19_Organizational and Regular Meeting of the Board of Education 7_00 PM,12C Section 1 Purchase Agreement Amendment.doc,2021-01-19_Organizational and Regular Meeting of the Board of Education 7_00 PM/12C Section 1 Purchase Agreement Amendment.doc,0,318,318,recovered
A1 never parsed,no .doc extractor,textutil -convert txt,2023-05-16_Regular Meeting of the Board of Education 7_00 PM,7A MS Math Intro.doc,2023-05-16_Regular Meeting of the Board of Education 7_00 PM/7A MS Math Intro.doc,0,312,312,recovered
A1 never parsed,no .doc extractor,textutil -convert txt,2023-03-21_Regular Meeting of the Board of Education 7_00 PM,7A Fielding_MiddleSchoolDesign Intro.doc,2023-03-21_Regular Meeting of the Board of Education 7_00 PM/7A Fielding_MiddleSchoolDesign Intro.doc,0,295,295,recovered
A1 never parsed,no .doc extractor,textutil -convert txt,2023-08-15_Regular Meeting of the Board of Education 6_00 PM,10A Portrait of a Graduate Intro.doc,2023-08-15_Regular Meeting of the Board of Education 6_00 PM/10A Portrait of a Graduate Intro.doc,0,265,265,recovered
A1 never parsed,no .doc extractor,textutil -convert txt,2026-03-17_Regular Meeting of the Board of Education 7_00 PM,8A Enrollment Projections Intro.doc,2026-03-17_Regular Meeting of the Board of Education 7_00 PM/8A Enrollment Projections Intro.doc,0,265,265,recovered
A1 never parsed,no .doc extractor,textutil -convert txt,2021-03-16_Regular Meeting of the Board of Education 7_00 PM,2 Roll Call.doc,2021-03-16_Regular Meeting of the Board of Education 7_00 PM/2 Roll Call.doc,0,248,248,recovered
A1 never parsed,no .doc extractor,textutil -convert txt,2021-03-16_Special Meeting of the Board of Education 6_00 PM,2 Roll Call.doc,2021-03-16_Special Meeting of the Board of Education 6_00 PM/2 Roll Call.doc,0,248,248,recovered
A1 never parsed,no .doc extractor,textutil -convert txt,2023-12-12_Regular Meeting of the Board of Education 7_00 PM,7A Student Achievement Report Intro.doc,2023-12-12_Regular Meeting of the Board of Education 7_00 PM/7A Student Achievement Report Intro.doc,0,245,245,recovered
A1 never parsed,no .doc extractor,textutil -convert txt,2023-03-21_Regular Meeting of the Board of Education 7_00 PM,7C Elem Math Intro.doc,2023-03-21_Regular Meeting of the Board of Education 7_00 PM/7C Elem Math Intro.doc,0,243,243,recovered
A1 never parsed,no .doc extractor,textutil -convert txt,2021-01-19_Organizational and Regular Meeting of the Board of Education 7_00 PM,4 ApptTempSecretary.doc,2021-01-19_Organizational and Regular Meeting of the Board of Education 7_00 PM/4 ApptTempSecretary.doc,0,238,238,recovered
A1 never parsed,no .doc extractor,textutil -convert txt,2022-01-18_Organizational and Regular Meeting of the Board of Education 7_00 PM,3 ApptTempSecretary.doc,2022-01-18_Organizational and Regular Meeting of the Board of Education 7_00 PM/3 ApptTempSecretary.doc,0,238,238,recovered
A1 never parsed,no .doc extractor,textutil -convert txt,2025-01-21_Organizational and Regular Meeting of the Board of Education 7_00 PM,3 ApptTempSecretary.doc,2025-01-21_Organizational and Regular Meeting of the Board of Education 7_00 PM/3 ApptTempSecretary.doc,0,238,238,recovered
A1 never parsed,no .doc extractor,textutil -convert txt,2026-01-20_Organizational and Regular Meeting of the Board of Education 7_00 PM,3 ApptTempSecretary.doc,2026-01-20_Organizational and Regular Meeting of the Board of Education 7_00 PM/3 ApptTempSecretary.doc,0,238,238,recovered
A1 never parsed,no .doc extractor,textutil -convert txt,2021-02-23_Regular Meeting of the Board of Education 7_00 PM,2 Roll Call.doc,2021-02-23_Regular Meeting of the Board of Education 7_00 PM/2 Roll Call.doc,0,236,236,recovered
A1 never parsed,no .doc extractor,textutil -convert txt,2021-01-19_Organizational and Regular Meeting of the Board of Education 7_00 PM,2 Roll Call.doc,2021-01-19_Organizational and Regular Meeting of the Board of Education 7_00 PM/2 Roll Call.doc,0,235,235,recovered
A1 never parsed,no .doc extractor,textutil -convert txt,2021-08-17_Regular Meeting of the Board of Education 7_00 PM,7B Superintendent Update.doc,2021-08-17_Regular Meeting of the Board of Education 7_00 PM/7B Superintendent Update.doc,0,210,210,recovered
A1 never parsed,no .doc extractor,textutil -convert txt,2020-08-18_Regular Meeting of the Board of Education 7_00 PM,10B Superintendent Update.doc,2020-08-18_Regular Meeting of the Board of Education 7_00 PM/10B Superintendent Update.doc,0,209,209,recovered
A1 never parsed,no .doc extractor,textutil -convert txt,2023-03-21_Regular Meeting of the Board of Education 7_00 PM,10A Portrait of a Graduate Intro.doc,2023-03-21_Regular Meeting of the Board of Education 7_00 PM/10A Portrait of a Graduate Intro.doc,0,201,201,recovered
A2 never parsed,PDF has no text layer (scan),ocrmypdf --force-ocr,2021-08-17_Regular Meeting of the Board of Education 7_00 PM,Troy - First Studnet Contract (Draft) 2022-2025.pdf,2021-08-17_Regular Meeting of the Board of Education 7_00 PM/Troy - First Studnet Contract (Draft) 2022-2025.pdf,0,134233,134233,recovered
A2 never parsed,PDF has no text layer (scan),ocrmypdf --force-ocr,2025-02-25_Regular Meeting of the Board of Education 7_00 PM,TCC Course Catalog 2025.pdf,2025-02-25_Regular Meeting of the Board of Education 7_00 PM/TCC Course Catalog 2025.pdf,0,57127,57127,recovered
A2 never parsed,PDF has no text layer (scan),ocrmypdf --force-ocr,2024-07-16_Regular Meeting of the Board of Education 9_30 AM,Policies to be Approved_.pdf,2024-07-16_Regular Meeting of the Board of Education 9_30 AM/Policies to be Approved_.pdf,0,51566,51566,recovered
A2 never parsed,PDF has no text layer (scan),ocrmypdf --force-ocr,2026-04-21_Regular Meeting of the Board of Education 7_00 PM,CODE OF CONDUCT DRAFT.pdf,2026-04-21_Regular Meeting of the Board of Education 7_00 PM/CODE OF CONDUCT DRAFT.pdf,0,48205,48205,recovered
A2 never parsed,PDF has no text layer (scan),ocrmypdf --force-ocr,2024-09-03_Board of Education Workshop 6_00 PM,MASB ALC Schedule.pdf,2024-09-03_Board of Education Workshop 6_00 PM/MASB ALC Schedule.pdf,0,43179,43179,recovered
A2 never parsed,PDF has no text layer (scan),ocrmypdf --force-ocr,2024-09-17_Regular Meeting of the Board of Education 7_00 PM,MASB ALC Schedule.pdf,2024-09-17_Regular Meeting of the Board of Education 7_00 PM/MASB ALC Schedule.pdf,0,43179,43179,recovered
A2 never parsed,PDF has no text layer (scan),ocrmypdf --force-ocr,2023-12-05_Board of Education Workshop 7_00 P.M. (FOLLOWING SPECIAL MEETING),BeyondTesting.pdf,2023-12-05_Board of Education Workshop 7_00 P.M. (FOLLOWING SPECIAL MEETING)/BeyondTesting.pdf,0,37869,37869,recovered
A2 never parsed,PDF has no text layer (scan),ocrmypdf --force-ocr,2022-12-06_Board of Education Workshop 6_00 PM,2.b. TSD PA signed CB 11-3-2022.pdf,2022-12-06_Board of Education Workshop 6_00 PM/2.b. TSD PA signed CB 11-3-2022.pdf,0,37423,37423,recovered
A2 never parsed,PDF has no text layer (scan),ocrmypdf --force-ocr,2022-12-13_Regular Meeting of the Board of Education 7_00 PM,8.B. TSD PA signed CB 11-3-2022.pdf,2022-12-13_Regular Meeting of the Board of Education 7_00 PM/8.B. TSD PA signed CB 11-3-2022.pdf,0,37423,37423,recovered
A2 never parsed,PDF has no text layer (scan),ocrmypdf --force-ocr,2024-11-12_Board of Education Workshop 6_00 PM,2.b. Quotes.pdf,2024-11-12_Board of Education Workshop 6_00 PM/2.b. Quotes.pdf,0,27359,27359,recovered
A2 never parsed,PDF has no text layer (scan),ocrmypdf --force-ocr,2024-11-19_Regular Meeting of the Board of Education 7_00 PM,8.C. Quotes.pdf,2024-11-19_Regular Meeting of the Board of Education 7_00 PM/8.C. Quotes.pdf,0,27359,27359,recovered
A2 never parsed,PDF has no text layer (scan),ocrmypdf --force-ocr,2021-01-19_Organizational and Regular Meeting of the Board of Education 7_00 PM,12.C. Troy Schools Section 1 PA Amendment Signed by RB.pdf,2021-01-19_Organizational and Regular Meeting of the Board of Education 7_00 PM/12.C. Troy Schools Section 1 PA Amendment Signed by RB.pdf,0,26306,26306,recovered
A2 never parsed,PDF has no text layer (scan),ocrmypdf --force-ocr,2022-03-01_Board of Education Workshop 6_00 PM,3.c. HP CTE Computers.pdf,2022-03-01_Board of Education Workshop 6_00 PM/3.c. HP CTE Computers.pdf,0,21618,21618,recovered
A2 never parsed,PDF has no text layer (scan),ocrmypdf --force-ocr,2022-03-15_Regular Meeting of the Board of Education 7_00 PM,8.C. HP CTE Computers.pdf,2022-03-15_Regular Meeting of the Board of Education 7_00 PM/8.C. HP CTE Computers.pdf,0,21618,21618,recovered
A2 never parsed,PDF has no text layer (scan),ocrmypdf --force-ocr,2024-05-07_Board of Education Workshop 6_00 P.M,2.e. Aramark Cost Reimbursable Addendum.pdf,2024-05-07_Board of Education Workshop 6_00 P.M/2.e. Aramark Cost Reimbursable Addendum.pdf,0,21595,21595,recovered
A2 never parsed,PDF has no text layer (scan),ocrmypdf --force-ocr,2022-02-01_Board of Education Workshop 6_00 PM,2.E. Oven Quote from Stafford Smith.pdf,2022-02-01_Board of Education Workshop 6_00 PM/2.E. Oven Quote from Stafford Smith.pdf,0,20649,20649,recovered
A2 never parsed,PDF has no text layer (scan),ocrmypdf --force-ocr,2022-02-15_Regular Meeting of the Board of Education 7_00 PM,8.E. Oven Quote from Stafford Smith.pdf,2022-02-15_Regular Meeting of the Board of Education 7_00 PM/8.E. Oven Quote from Stafford Smith.pdf,0,20649,20649,recovered
A2 never parsed,PDF has no text layer (scan),ocrmypdf --force-ocr,2022-03-15_Regular Meeting of the Board of Education 7_00 PM,8.E. BSSF Playground Replacement Quotes.pdf,2022-03-15_Regular Meeting of the Board of Education 7_00 PM/8.E. BSSF Playground Replacement Quotes.pdf,0,18705,18705,recovered
A2 never parsed,PDF has no text layer (scan),ocrmypdf --force-ocr,2021-06-15_Regular Meeting of the Board of Education 7_00 PM,9.D. 5G Specific Information (No Adverse Health Effects).pdf,2021-06-15_Regular Meeting of the Board of Education 7_00 PM/9.D. 5G Specific Information (No Adverse Health Effects).pdf,0,17285,17285,recovered
A2 never parsed,PDF has no text layer (scan),ocrmypdf --force-ocr,2024-09-03_Board of Education Workshop 6_00 PM,NSBA 2025 Annual Conference.pdf,2024-09-03_Board of Education Workshop 6_00 PM/NSBA 2025 Annual Conference.pdf,0,13581,13581,recovered
A2 never parsed,PDF has no text layer (scan),ocrmypdf --force-ocr,2024-09-17_Regular Meeting of the Board of Education 7_00 PM,NSBA 2025 Annual Conference.pdf,2024-09-17_Regular Meeting of the Board of Education 7_00 PM/NSBA 2025 Annual Conference.pdf,0,13581,13581,recovered
A2 never parsed,PDF has no text layer (scan),ocrmypdf --force-ocr,2024-08-20_Regular Meeting of the Board of Education 6_00 PM,8.C. Great Lakes Quote for Hamilton.pdf,2024-08-20_Regular Meeting of the Board of Education 6_00 PM/8.C. Great Lakes Quote for Hamilton.pdf,0,12806,12806,recovered
A2 never parsed,PDF has no text layer (scan),ocrmypdf --force-ocr,2024-08-20_Regular Meeting of the Board of Education 6_00 PM,8.C. Great Lakes Quote for Barnard.pdf,2024-08-20_Regular Meeting of the Board of Education 6_00 PM/8.C. Great Lakes Quote for Barnard.pdf,0,12745,12745,recovered
A2 never parsed,PDF has no text layer (scan),ocrmypdf --force-ocr,2024-08-20_Regular Meeting of the Board of Education 6_00 PM,8.C. Great Lakes Quote for Bemis.pdf,2024-08-20_Regular Meeting of the Board of Education 6_00 PM/8.C. Great Lakes Quote for Bemis.pdf,0,12722,12722,recovered
A2 never parsed,PDF has no text layer (scan),ocrmypdf --force-ocr,2023-05-16_Regular Meeting of the Board of Education 7_00 PM,8.E.  2023 Elementary Security Camera Proposal.pdf,2023-05-16_Regular Meeting of the Board of Education 7_00 PM/8.E.  2023 Elementary Security Camera Proposal.pdf,0,11332,11332,recovered
A2 never parsed,PDF has no text layer (scan),ocrmypdf --force-ocr,2025-11-11_Board of Education Workshop 6_00 P.M,2.d. THS - kitchen overhead door repalcement docs 11 2025.pdf,2025-11-11_Board of Education Workshop 6_00 P.M/2.d. THS - kitchen overhead door repalcement docs 11 2025.pdf,0,10897,10897,recovered
A2 never parsed,PDF has no text layer (scan),ocrmypdf --force-ocr,2025-11-18_Regular Meeting of the Board of Education 7_00 PM,5.D.. THS - kitchen overhead door repalcement docs 11 2025.pdf,2025-11-18_Regular Meeting of the Board of Education 7_00 PM/5.D.. THS - kitchen overhead door repalcement docs 11 2025.pdf,0,10897,10897,recovered
A2 never parsed,PDF has no text layer (scan),ocrmypdf --force-ocr,2023-04-04_Board of Education Workshop 6_00 PM,State of Michigan Bus Driver Shortage.pdf,2023-04-04_Board of Education Workshop 6_00 PM/State of Michigan Bus Driver Shortage.pdf,0,10461,10461,recovered
A2 never parsed,PDF has no text layer (scan),ocrmypdf --force-ocr,2024-10-15_Regular Meeting of the Board of Education 7_00 PM,8.B. Great Lakes Furniture Supply - SICO Quote w Info 101124 - Leonard ES Caf Tables.pdf,2024-10-15_Regular Meeting of the Board of Education 7_00 PM/8.B. Great Lakes Furniture Supply - SICO Quote w Info 101124 - Leonard ES Caf Tables.pdf,0,9961,9961,recovered
A2 never parsed,PDF has no text layer (scan),ocrmypdf --force-ocr,2025-05-06_Board of Education Workshop 6_00 PM,2.c. Board Recommendation on 5-6-25  for Baker MS -.pdf,2025-05-06_Board of Education Workshop 6_00 PM/2.c. Board Recommendation on 5-6-25  for Baker MS -.pdf,0,9819,9819,recovered
A2 never parsed,PDF has no text layer (scan),ocrmypdf --force-ocr,2025-05-20_Regular Meeting of the Board of Education 7_00 PM,5.K. Baker MS - Beverage Cooler.pdf,2025-05-20_Regular Meeting of the Board of Education 7_00 PM/5.K. Baker MS - Beverage Cooler.pdf,0,9819,9819,recovered
A2 never parsed,PDF has no text layer (scan),ocrmypdf --force-ocr,2025-12-09_Board of Education Workshop 6_00 P.M,4.a. Food Service Equipment Purchase.pdf,2025-12-09_Board of Education Workshop 6_00 P.M/4.a. Food Service Equipment Purchase.pdf,0,9327,9327,recovered
A2 never parsed,PDF has no text layer (scan),ocrmypdf --force-ocr,2025-12-16_Regular Meeting of the Board of Education 7_00 PM,8.A. Food Service Equipment Purchase.pdf,2025-12-16_Regular Meeting of the Board of Education 7_00 PM/8.A. Food Service Equipment Purchase.pdf,0,9327,9327,recovered
A2 never parsed,PDF has no text layer (scan),ocrmypdf --force-ocr,2024-06-20_Regular Meeting of the Board of Education 7_00 PM,Gold Star - UNOX.pdf,2024-06-20_Regular Meeting of the Board of Education 7_00 PM/Gold Star - UNOX.pdf,0,8796,8796,recovered
A2 never parsed,PDF has no text layer (scan),ocrmypdf --force-ocr,2026-07-22_Regular Meeting of the Board of Education 1_00 PM,Coop Dissolution - Athens & Avondale Boys Lacrosse 2026.pdf,2026-07-22_Regular Meeting of the Board of Education 1_00 PM/Coop Dissolution - Athens & Avondale Boys Lacrosse 2026.pdf,0,8738,8738,recovered
A2 never parsed,PDF has no text layer (scan),ocrmypdf --force-ocr,2026-06-16_Regular Meeting of the Board of Education 7_00 PM,6d MHSAA Resolution26-27.pdf,2026-06-16_Regular Meeting of the Board of Education 7_00 PM/6d MHSAA Resolution26-27.pdf,0,8221,8221,recovered
A2 never parsed,PDF has no text layer (scan),ocrmypdf --force-ocr,2024-05-07_Board of Education Workshop 6_00 P.M,2.e. SFE Cost Reimbursable Addendum.pdf,2024-05-07_Board of Education Workshop 6_00 P.M/2.e. SFE Cost Reimbursable Addendum.pdf,0,7626,7626,recovered
A2 never parsed,PDF has no text layer (scan),ocrmypdf --force-ocr,2020-09-15_Regular Meeting of the Board of Education 7_00 PM,8.A. Pricing.pdf,2020-09-15_Regular Meeting of the Board of Education 7_00 PM/8.A. Pricing.pdf,0,7297,7297,recovered
A2 never parsed,PDF has no text layer (scan),ocrmypdf --force-ocr,2024-05-07_Board of Education Workshop 6_00 P.M,2.c. troy epic proposal 2024.pdf,2024-05-07_Board of Education Workshop 6_00 P.M/2.c. troy epic proposal 2024.pdf,0,7207,7207,recovered
A2 never parsed,PDF has no text layer (scan),ocrmypdf --force-ocr,2024-05-21_Regular Meeting of the Board of Education 7_00 PM,8.c. troy epic proposal 2024.pdf,2024-05-21_Regular Meeting of the Board of Education 7_00 PM/8.c. troy epic proposal 2024.pdf,0,7207,7207,recovered
A2 never parsed,PDF has no text layer (scan),ocrmypdf --force-ocr,2021-06-15_Regular Meeting of the Board of Education 7_00 PM,2021 L-4029 Combined.pdf,2021-06-15_Regular Meeting of the Board of Education 7_00 PM/2021 L-4029 Combined.pdf,0,7108,7108,recovered
A2 never parsed,PDF has no text layer (scan),ocrmypdf --force-ocr,2021-05-18_Regular Meeting of the Board of Education 7_00 PM,5.H. Renewal Documents for 2021-22.pdf,2021-05-18_Regular Meeting of the Board of Education 7_00 PM/5.H. Renewal Documents for 2021-22.pdf,0,6878,6878,recovered
A2 never parsed,PDF has no text layer (scan),ocrmypdf --force-ocr,2026-06-01_Board of Education Workshop 6_00 PM,2.d. Contract Renewal Document.pdf,2026-06-01_Board of Education Workshop 6_00 PM/2.d. Contract Renewal Document.pdf,0,6878,6878,recovered
A2 never parsed,PDF has no text layer (scan),ocrmypdf --force-ocr,2026-06-16_Regular Meeting of the Board of Education 7_00 PM,6.C. Contract Renewal Document.pdf,2026-06-16_Regular Meeting of the Board of Education 7_00 PM/6.C. Contract Renewal Document.pdf,0,6878,6878,recovered
A2 never parsed,PDF has no text layer (scan),ocrmypdf --force-ocr,2021-06-15_Regular Meeting of the Board of Education 7_00 PM,TESPA contract extension2021.pdf,2021-06-15_Regular Meeting of the Board of Education 7_00 PM/TESPA contract extension2021.pdf,0,6285,6285,recovered
A2 never parsed,PDF has no text layer (scan),ocrmypdf --force-ocr,2024-10-15_Regular Meeting of the Board of Education 7_00 PM,8.B. School Specialty Updated Quote and Specs 100824 - SSL Q-515826 - 415136 - Leonard ES.pdf,2024-10-15_Regular Meeting of the Board of Education 7_00 PM/8.B. School Specialty Updated Quote and Specs 100824 - SSL Q-515826 - 415136 - Leonard ES.pdf,0,6272,6272,recovered
A2 never parsed,PDF has no text layer (scan),ocrmypdf --force-ocr,2025-06-03_Board of Education Workshop 6_00 P.M,3.a. Contract Renewal Documents w-Chartwells 2025-26.pdf,2025-06-03_Board of Education Workshop 6_00 P.M/3.a. Contract Renewal Documents w-Chartwells 2025-26.pdf,0,6107,6107,recovered
A2 never parsed,PDF has no text layer (scan),ocrmypdf --force-ocr,2025-06-17_Regular Meeting of the Board of Education 7_00 PM,6.D. Contract Renewal Documents w-Chartwells 2025-26.pdf,2025-06-17_Regular Meeting of the Board of Education 7_00 PM/6.D. Contract Renewal Documents w-Chartwells 2025-26.pdf,0,6107,6107,recovered
A2 never parsed,PDF has no text layer (scan),ocrmypdf --force-ocr,2024-12-03_Board of Education Workshop 6_00 PM,NSBA Advocacy_EquityInstitute2025.pdf,2024-12-03_Board of Education Workshop 6_00 PM/NSBA Advocacy_EquityInstitute2025.pdf,0,6075,6075,recovered
A2 never parsed,PDF has no text layer (scan),ocrmypdf --force-ocr,2023-12-05_Board of Education Workshop 7_00 P.M. (FOLLOWING SPECIAL MEETING),2.c. 2024 Roof Replacement Project.pdf,2023-12-05_Board of Education Workshop 7_00 P.M. (FOLLOWING SPECIAL MEETING)/2.c. 2024 Roof Replacement Project.pdf,0,5396,5396,recovered
A2 never parsed,PDF has no text layer (scan),ocrmypdf --force-ocr,2023-12-12_Regular Meeting of the Board of Education 7_00 PM,8.C. 2024 Roof Replacement Project.pdf,2023-12-12_Regular Meeting of the Board of Education 7_00 PM/8.C. 2024 Roof Replacement Project.pdf,0,5396,5396,recovered
A2 never parsed,PDF has no text layer (scan),ocrmypdf --force-ocr,2018-01-01_2018 Board Packets and Minutes,061918RegMtg.pdf,2018-01-01_2018 Board Packets and Minutes/061918RegMtg.pdf,0,4943,4943,recovered
A2 never parsed,PDF has no text layer (scan),ocrmypdf --force-ocr,2024-09-03_Board of Education Workshop 6_00 PM,NSBA Advocacy & Equity Institute 2025.pdf,2024-09-03_Board of Education Workshop 6_00 PM/NSBA Advocacy & Equity Institute 2025.pdf,0,4935,4935,recovered
A2 never parsed,PDF has no text layer (scan),ocrmypdf --force-ocr,2024-09-17_Regular Meeting of the Board of Education 7_00 PM,NSBA Advocacy & Equity Institute 2025.pdf,2024-09-17_Regular Meeting of the Board of Education 7_00 PM/NSBA Advocacy & Equity Institute 2025.pdf,0,4935,4935,recovered
A2 never parsed,PDF has no text layer (scan),ocrmypdf --force-ocr,2023-09-19_Regular Meeting of the Board of Education 7_00 PM,CoopAgreement AHS GirlsGymnastics.pdf,2023-09-19_Regular Meeting of the Board of Education 7_00 PM/CoopAgreement AHS GirlsGymnastics.pdf,0,4309,4309,recovered
A2 never parsed,PDF has no text layer (scan),ocrmypdf --force-ocr,2022-08-16_Regular Meeting of the Board of Education 7_00 PM,MHSAA Hockey Coop Agreement.pdf,2022-08-16_Regular Meeting of the Board of Education 7_00 PM/MHSAA Hockey Coop Agreement.pdf,0,4299,4299,recovered
A2 never parsed,PDF has no text layer (scan),ocrmypdf --force-ocr,2024-05-07_Board of Education Workshop 6_00 P.M,2.e. Chartwells Cost Reimbursable Addendum.pdf,2024-05-07_Board of Education Workshop 6_00 P.M/2.e. Chartwells Cost Reimbursable Addendum.pdf,0,4085,4085,recovered
A2 never parsed,PDF has no text layer (scan),ocrmypdf --force-ocr,2024-05-21_Regular Meeting of the Board of Education 7_00 PM,5.F. Chartwells Cost Reimbursable Addendum.pdf,2024-05-21_Regular Meeting of the Board of Education 7_00 PM/5.F. Chartwells Cost Reimbursable Addendum.pdf,0,4085,4085,recovered
A2 never parsed,PDF has no text layer (scan),ocrmypdf --force-ocr,2022-06-14_Board of Education Workshop 6_00 PM,3.c. POS Quotes.pdf,2022-06-14_Board of Education Workshop 6_00 PM/3.c. POS Quotes.pdf,0,3991,3991,recovered
A2 never parsed,PDF has no text layer (scan),ocrmypdf --force-ocr,2022-06-21_Regular Meeting of the Board of Education 7_00 PM,9.C. POS Quotes.pdf,2022-06-21_Regular Meeting of the Board of Education 7_00 PM/9.C. POS Quotes.pdf,0,3991,3991,recovered
A2 never parsed,PDF has no text layer (scan),ocrmypdf --force-ocr,2023-12-05_Board of Education Workshop 7_00 P.M. (FOLLOWING SPECIAL MEETING),2.d. RFP 2324-03 - BOND - Site Work - Paving Replacement Bid Rec.pdf,2023-12-05_Board of Education Workshop 7_00 P.M. (FOLLOWING SPECIAL MEETING)/2.d. RFP 2324-03 - BOND - Site Work - Paving Replacement Bid Rec.pdf,0,3955,3955,recovered
A2 never parsed,PDF has no text layer (scan),ocrmypdf --force-ocr,2023-12-12_Regular Meeting of the Board of Education 7_00 PM,8.D. RFP 2324-03 - BOND - Site Work - Paving Replacement Bid Rec.pdf,2023-12-12_Regular Meeting of the Board of Education 7_00 PM/8.D. RFP 2324-03 - BOND - Site Work - Paving Replacement Bid Rec.pdf,0,3955,3955,recovered
A2 never parsed,PDF has no text layer (scan),ocrmypdf --force-ocr,2023-06-06_Board of Education Workshop 6_00 PM,3.a. RFP 9958 BP38 - Board Rec Docs.pdf,2023-06-06_Board of Education Workshop 6_00 PM/3.a. RFP 9958 BP38 - Board Rec Docs.pdf,0,3873,3873,recovered
A2 never parsed,PDF has no text layer (scan),ocrmypdf --force-ocr,2023-06-13_Regular Meeting of the Board of Education 7_30 PM,9.B. RFP 9958 BP38 - Board Rec Docs.pdf,2023-06-13_Regular Meeting of the Board of Education 7_30 PM/9.B. RFP 9958 BP38 - Board Rec Docs.pdf,0,3873,3873,recovered
A2 never parsed,PDF has no text layer (scan),ocrmypdf --force-ocr,2024-03-19_Regular Meeting of the Board of Education 7_00 PM,8.B. RFP 2324-11 Wattles Asbestos Abatement Rec with support docs.pdf,2024-03-19_Regular Meeting of the Board of Education 7_00 PM/8.B. RFP 2324-11 Wattles Asbestos Abatement Rec with support docs.pdf,0,3813,3813,recovered
A2 never parsed,PDF has no text layer (scan),ocrmypdf --force-ocr,2023-12-05_Board of Education Workshop 7_00 P.M. (FOLLOWING SPECIAL MEETING),2.e. RFP 2324-04 - Site Work - -Retention Pond - Bid Rec.pdf,2023-12-05_Board of Education Workshop 7_00 P.M. (FOLLOWING SPECIAL MEETING)/2.e. RFP 2324-04 - Site Work - -Retention Pond - Bid Rec.pdf,0,3660,3660,recovered
A2 never parsed,PDF has no text layer (scan),ocrmypdf --force-ocr,2023-12-12_Regular Meeting of the Board of Education 7_00 PM,8.E. RFP 2324-04 - Site Work - -Retention Pond - Bid Rec.pdf,2023-12-12_Regular Meeting of the Board of Education 7_00 PM/8.E. RFP 2324-04 - Site Work - -Retention Pond - Bid Rec.pdf,0,3660,3660,recovered
A2 never parsed,PDF has no text layer (scan),ocrmypdf --force-ocr,2024-05-07_Board of Education Workshop 6_00 P.M,Election Notification Letter to Districts 2024.pdf,2024-05-07_Board of Education Workshop 6_00 P.M/Election Notification Letter to Districts 2024.pdf,0,3306,3306,recovered
A2 never parsed,PDF has no text layer (scan),ocrmypdf --force-ocr,2023-10-17_Regular Meeting of the Board of Education 7_00 PM,5.G. 2665_001.pdf,2023-10-17_Regular Meeting of the Board of Education 7_00 PM/5.G. 2665_001.pdf,0,3074,3074,recovered
A2 never parsed,PDF has no text layer (scan),ocrmypdf --force-ocr,2023-05-02_Board of Education Workshop 6_00 PM,3.e. 2023 Apple Quotes.pdf,2023-05-02_Board of Education Workshop 6_00 PM/3.e. 2023 Apple Quotes.pdf,0,2891,2891,recovered
A2 never parsed,PDF has no text layer (scan),ocrmypdf --force-ocr,2023-05-16_Regular Meeting of the Board of Education 7_00 PM,8.D. 2023 Apple Quotes.pdf,2023-05-16_Regular Meeting of the Board of Education 7_00 PM/8.D. 2023 Apple Quotes.pdf,0,2891,2891,recovered
A2 never parsed,PDF has no text layer (scan),ocrmypdf --force-ocr,2021-01-19_Organizational and Regular Meeting of the Board of Education 7_00 PM,12.C. Project Path (1).pdf,2021-01-19_Organizational and Regular Meeting of the Board of Education 7_00 PM/12.C. Project Path (1).pdf,0,2635,2635,recovered
A2 never parsed,PDF has no text layer (scan),ocrmypdf --force-ocr,2025-08-19_Regular Meeting of the Board of Education 6_00 PM,Co-Operative Agreement Letter to the MHSAA - 8-15-25 (003).pdf,2025-08-19_Regular Meeting of the Board of Education 6_00 PM/Co-Operative Agreement Letter to the MHSAA - 8-15-25 (003).pdf,0,2357,2357,recovered
A2 never parsed,PDF has no text layer (scan),ocrmypdf --force-ocr,2024-02-06_Board of Education Workshop 6_00 P.M,3.c. Bond - BP1A rebid - Elementary Playground Site Work Rec 1 2024 (2).pdf,2024-02-06_Board of Education Workshop 6_00 P.M/3.c. Bond - BP1A rebid - Elementary Playground Site Work Rec 1 2024 (2).pdf,0,2259,2259,recovered
A2 never parsed,PDF has no text layer (scan),ocrmypdf --force-ocr,2024-02-27_Regular Meeting of the Board of Education 7_00 PM,8.B. Bond - BP1A rebid - Elementary Playground Site Work Rec 1 2024 (2).pdf,2024-02-27_Regular Meeting of the Board of Education 7_00 PM/8.B. Bond - BP1A rebid - Elementary Playground Site Work Rec 1 2024 (2).pdf,0,2259,2259,recovered
A2 never parsed,PDF has no text layer (scan),ocrmypdf --force-ocr,2025-06-03_Board of Education Workshop 6_00 P.M,3.f. Troy Preschool Pavilion - 5 2025.pdf,2025-06-03_Board of Education Workshop 6_00 P.M/3.f. Troy Preschool Pavilion - 5 2025.pdf,0,2258,2258,recovered
A2 never parsed,PDF has no text layer (scan),ocrmypdf --force-ocr,2025-06-17_Regular Meeting of the Board of Education 7_00 PM,6.I. Troy Preschool Pavilion - 5 2025.pdf,2025-06-17_Regular Meeting of the Board of Education 7_00 PM/6.I. Troy Preschool Pavilion - 5 2025.pdf,0,2258,2258,recovered
A2 never parsed,PDF has no text layer (scan),ocrmypdf --force-ocr,2024-09-03_Board of Education Workshop 6_00 PM,Comms BOE Presentation.pdf,2024-09-03_Board of Education Workshop 6_00 PM/Comms BOE Presentation.pdf,0,2210,2210,recovered
A2 never parsed,PDF has no text layer (scan),ocrmypdf --force-ocr,2021-02-23_Regular Meeting of the Board of Education 7_00 PM,8.A. 9917 - Flooring-Polishing Bid Tab 1 2021.pdf,2021-02-23_Regular Meeting of the Board of Education 7_00 PM/8.A. 9917 - Flooring-Polishing Bid Tab 1 2021.pdf,0,2195,2195,recovered
A2 never parsed,PDF has no text layer (scan),ocrmypdf --force-ocr,2023-05-02_Board of Education Workshop 6_00 PM,3.a. Contract renewal agreement wo SFA sig.pdf,2023-05-02_Board of Education Workshop 6_00 PM/3.a. Contract renewal agreement wo SFA sig.pdf,0,2140,2140,recovered
A2 never parsed,PDF has no text layer (scan),ocrmypdf --force-ocr,2023-05-16_Regular Meeting of the Board of Education 7_00 PM,5.F. Contract renewal agreement wo SFA sig.pdf,2023-05-16_Regular Meeting of the Board of Education 7_00 PM/5.F. Contract renewal agreement wo SFA sig.pdf,0,2140,2140,recovered
A2 never parsed,PDF has no text layer (scan),ocrmypdf --force-ocr,2026-04-28_Board of Education Workshop 6_00 PM,2.b. TROY SCHL ROB 4.7.26 (27 F6A VAN).pdf,2026-04-28_Board of Education Workshop 6_00 PM/2.b. TROY SCHL ROB 4.7.26 (27 F6A VAN).pdf,0,1715,1715,recovered
A2 never parsed,PDF has no text layer (scan),ocrmypdf --force-ocr,2026-05-19_Regular Meeting of the Board of Education 7_00 PM,8.B. TROY SCHL ROB 4.7.26 (27 F6A VAN).pdf,2026-05-19_Regular Meeting of the Board of Education 7_00 PM/8.B. TROY SCHL ROB 4.7.26 (27 F6A VAN).pdf,0,1715,1715,recovered
A2 never parsed,PDF has no text layer (scan),ocrmypdf --force-ocr,2024-02-06_Board of Education Workshop 6_00 P.M,3.b. BMB - 2024 moving award rec.pdf,2024-02-06_Board of Education Workshop 6_00 P.M/3.b. BMB - 2024 moving award rec.pdf,0,1690,1690,recovered
A2 never parsed,PDF has no text layer (scan),ocrmypdf --force-ocr,2024-02-27_Regular Meeting of the Board of Education 7_00 PM,8.A. BMB - 2024 moving award rec.pdf,2024-02-27_Regular Meeting of the Board of Education 7_00 PM/8.A. BMB - 2024 moving award rec.pdf,0,1690,1690,recovered
A2 never parsed,PDF has no text layer (scan),ocrmypdf --force-ocr,2025-01-14_Board of Education Workshop 6_00 PM,3.b. RFP 2425-01 - BOND - Pavement Replacement Project Lecole Planners Rec.pdf,2025-01-14_Board of Education Workshop 6_00 PM/3.b. RFP 2425-01 - BOND - Pavement Replacement Project Lecole Planners Rec.pdf,0,1669,1669,recovered
A2 never parsed,PDF has no text layer (scan),ocrmypdf --force-ocr,2025-01-21_Organizational and Regular Meeting of the Board of Education 7_00 PM,12.B.  RFP 2425-01 - BOND - Pavement Replacement Project Lecole Planners Rec.pdf,2025-01-21_Organizational and Regular Meeting of the Board of Education 7_00 PM/12.B.  RFP 2425-01 - BOND - Pavement Replacement Project Lecole Planners Rec.pdf,0,1669,1669,recovered
A2 never parsed,PDF has no text layer (scan),ocrmypdf --force-ocr,2023-12-05_Board of Education Workshop 7_00 P.M. (FOLLOWING SPECIAL MEETING),2.b. RFP 2324-07 - Bond New Smith Electrical Equipment Pre Purchase Rec.pdf,2023-12-05_Board of Education Workshop 7_00 P.M. (FOLLOWING SPECIAL MEETING)/2.b. RFP 2324-07 - Bond New Smith Electrical Equipment Pre Purchase Rec.pdf,0,1652,1652,recovered
A2 never parsed,PDF has no text layer (scan),ocrmypdf --force-ocr,2023-12-12_Regular Meeting of the Board of Education 7_00 PM,8.B. RFP 2324-07 - Bond New Smith Electrical Equipment Pre Purchase Rec.pdf,2023-12-12_Regular Meeting of the Board of Education 7_00 PM/8.B. RFP 2324-07 - Bond New Smith Electrical Equipment Pre Purchase Rec.pdf,0,1652,1652,recovered
A2 never parsed,PDF has no text layer (scan),ocrmypdf --force-ocr,2024-02-27_Regular Meeting of the Board of Education 7_00 PM,MASB Ballot Region 8 2024.pdf,2024-02-27_Regular Meeting of the Board of Education 7_00 PM/MASB Ballot Region 8 2024.pdf,0,1651,1651,recovered
A2 never parsed,PDF has no text layer (scan),ocrmypdf --force-ocr,2020-09-01_Special Meeting of the Board of Education 7_00 PM or Immediately Following Workshop,Professional Plastic Pricing.pdf,2020-09-01_Special Meeting of the Board of Education 7_00 PM or Immediately Following Workshop/Professional Plastic Pricing.pdf,0,1635,1635,recovered
A2 never parsed,PDF has no text layer (scan),ocrmypdf --force-ocr,2024-08-20_Regular Meeting of the Board of Education 6_00 PM,8.C. Board Memo.pdf,2024-08-20_Regular Meeting of the Board of Education 6_00 PM/8.C. Board Memo.pdf,0,1587,1587,recovered
A2 never parsed,PDF has no text layer (scan),ocrmypdf --force-ocr,2025-01-14_Board of Education Workshop 6_00 PM,3.a. RFP 2425-05 THS kitchen servery remodel BMB contractor award rec.pdf,2025-01-14_Board of Education Workshop 6_00 PM/3.a. RFP 2425-05 THS kitchen servery remodel BMB contractor award rec.pdf,0,1565,1565,recovered
A2 never parsed,PDF has no text layer (scan),ocrmypdf --force-ocr,2025-01-21_Organizational and Regular Meeting of the Board of Education 7_00 PM,12.A. RFP 2425-05 THS kitchen servery remodel BMB contractor award rec.pdf,2025-01-21_Organizational and Regular Meeting of the Board of Education 7_00 PM/12.A. RFP 2425-05 THS kitchen servery remodel BMB contractor award rec.pdf,0,1565,1565,recovered
A2 never parsed,PDF has no text layer (scan),ocrmypdf --force-ocr,2026-02-03_Board of Education Workshop 6_00 PM,3.a. Flooring 3742_001.pdf,2026-02-03_Board of Education Workshop 6_00 PM/3.a. Flooring 3742_001.pdf,0,1496,1496,recovered
A2 never parsed,PDF has no text layer (scan),ocrmypdf --force-ocr,2026-02-24_Regular Meeting of the Board of Education 7_00 PM,8.C. Flooring 3742_001.pdf,2026-02-24_Regular Meeting of the Board of Education 7_00 PM/8.C. Flooring 3742_001.pdf,0,1496,1496,recovered
A2 never parsed,PDF has no text layer (scan),ocrmypdf --force-ocr,2024-02-06_Board of Education Workshop 6_00 P.M,3.e. BMB - THS Athletics Temp Fence Bid Rec.pdf,2024-02-06_Board of Education Workshop 6_00 P.M/3.e. BMB - THS Athletics Temp Fence Bid Rec.pdf,0,1478,1478,recovered
A2 never parsed,PDF has no text layer (scan),ocrmypdf --force-ocr,2024-02-27_Regular Meeting of the Board of Education 7_00 PM,8.D. BMB - THS Athletics Temp Fence Bid Rec.pdf,2024-02-27_Regular Meeting of the Board of Education 7_00 PM/8.D. BMB - THS Athletics Temp Fence Bid Rec.pdf,0,1478,1478,recovered
A2 never parsed,PDF has no text layer (scan),ocrmypdf --force-ocr,2022-09-06_Board of Education Workshop 6_00 PM,Delegate Assembly.pdf,2022-09-06_Board of Education Workshop 6_00 PM/Delegate Assembly.pdf,0,1432,1432,recovered
A2 never parsed,PDF has no text layer (scan),ocrmypdf --force-ocr,2025-06-03_Board of Education Workshop 6_00 P.M,3.a. 2025-26 Signed Buget.pdf,2025-06-03_Board of Education Workshop 6_00 P.M/3.a. 2025-26 Signed Buget.pdf,0,1405,1405,recovered
A2 never parsed,PDF has no text layer (scan),ocrmypdf --force-ocr,2023-06-06_Board of Education Workshop 6_00 PM,3.c. 2023 Ford Transit Vans Purchase Rec - 6 2023.pdf,2023-06-06_Board of Education Workshop 6_00 PM/3.c. 2023 Ford Transit Vans Purchase Rec - 6 2023.pdf,0,1394,1394,recovered
A2 never parsed,PDF has no text layer (scan),ocrmypdf --force-ocr,2023-06-13_Regular Meeting of the Board of Education 7_30 PM,6.F. 2023 Ford Transit Vans Purchase Rec - 6 2023.pdf,2023-06-13_Regular Meeting of the Board of Education 7_30 PM/6.F. 2023 Ford Transit Vans Purchase Rec - 6 2023.pdf,0,1394,1394,recovered
A2 never parsed,PDF has no text layer (scan),ocrmypdf --force-ocr,2025-01-14_Board of Education Workshop 6_00 PM,3.a. RFP 2425-05 THS kitchen servery remodel bid summary.pdf,2025-01-14_Board of Education Workshop 6_00 PM/3.a. RFP 2425-05 THS kitchen servery remodel bid summary.pdf,0,1341,1341,recovered
A2 never parsed,PDF has no text layer (scan),ocrmypdf --force-ocr,2025-01-21_Organizational and Regular Meeting of the Board of Education 7_00 PM,12.A. RFP 2425-05 THS kitchen servery remodel bid summary.pdf,2025-01-21_Organizational and Regular Meeting of the Board of Education 7_00 PM/12.A. RFP 2425-05 THS kitchen servery remodel bid summary.pdf,0,1341,1341,recovered
A2 never parsed,PDF has no text layer (scan),ocrmypdf --force-ocr,2024-11-12_Board of Education Workshop 6_00 PM,2.b. Memorandum for Board Meeting.pdf,2024-11-12_Board of Education Workshop 6_00 PM/2.b. Memorandum for Board Meeting.pdf,0,1273,1273,recovered
A2 never parsed,PDF has no text layer (scan),ocrmypdf --force-ocr,2024-11-19_Regular Meeting of the Board of Education 7_00 PM,8.C. Memorandum for Board Meeting.pdf,2024-11-19_Regular Meeting of the Board of Education 7_00 PM/8.C. Memorandum for Board Meeting.pdf,0,1273,1273,recovered
A2 never parsed,PDF has no text layer (scan),ocrmypdf --force-ocr,2023-05-16_Regular Meeting of the Board of Education 7_00 PM,5.F.  Agreement page wo SFA sig.pdf,2023-05-16_Regular Meeting of the Board of Education 7_00 PM/5.F.  Agreement page wo SFA sig.pdf,0,1217,1217,recovered
A2 never parsed,PDF has no text layer (scan),ocrmypdf --force-ocr,2020-09-01_Special Meeting of the Board of Education 7_00 PM or Immediately Following Workshop,Madison Liquidators Pricing.pdf,2020-09-01_Special Meeting of the Board of Education 7_00 PM or Immediately Following Workshop/Madison Liquidators Pricing.pdf,0,1203,1203,recovered
A2 never parsed,PDF has no text layer (scan),ocrmypdf --force-ocr,2026-02-03_Board of Education Workshop 6_00 PM,3.c. RFP 2526-23 - Lecole Planners Rec - AHS Aux Lot 1 2026.pdf,2026-02-03_Board of Education Workshop 6_00 PM/3.c. RFP 2526-23 - Lecole Planners Rec - AHS Aux Lot 1 2026.pdf,0,1149,1149,recovered
A2 never parsed,PDF has no text layer (scan),ocrmypdf --force-ocr,2026-02-24_Regular Meeting of the Board of Education 7_00 PM,8.E.  RFP 2526-23 - Lecole Planners Rec - AHS Aux Lot 1 2026.pdf,2026-02-24_Regular Meeting of the Board of Education 7_00 PM/8.E.  RFP 2526-23 - Lecole Planners Rec - AHS Aux Lot 1 2026.pdf,0,1149,1149,recovered
A2 never parsed,PDF has no text layer (scan),ocrmypdf --force-ocr,2025-01-14_Board of Education Workshop 6_00 PM,3.b. RFP 2425-01 - BOND - Pavement Replacement Project Bid Summary.pdf,2025-01-14_Board of Education Workshop 6_00 PM/3.b. RFP 2425-01 - BOND - Pavement Replacement Project Bid Summary.pdf,0,1102,1102,recovered
A2 never parsed,PDF has no text layer (scan),ocrmypdf --force-ocr,2025-01-21_Organizational and Regular Meeting of the Board of Education 7_00 PM,12.B. RFP 2425-01 - BOND - Pavement Replacement Project Bid Summary.pdf,2025-01-21_Organizational and Regular Meeting of the Board of Education 7_00 PM/12.B. RFP 2425-01 - BOND - Pavement Replacement Project Bid Summary.pdf,0,1102,1102,recovered
A2 never parsed,PDF has no text layer (scan),ocrmypdf --force-ocr,2020-09-01_Special Meeting of the Board of Education 7_00 PM or Immediately Following Workshop,Interstate Plastic Pricing.pdf,2020-09-01_Special Meeting of the Board of Education 7_00 PM or Immediately Following Workshop/Interstate Plastic Pricing.pdf,0,1012,1012,recovered
A2 never parsed,PDF has no text layer (scan),ocrmypdf --force-ocr,2021-05-18_Regular Meeting of the Board of Education 7_00 PM,8.D. 2021 Site Work Testing Bid Tab.pdf,2021-05-18_Regular Meeting of the Board of Education 7_00 PM/8.D. 2021 Site Work Testing Bid Tab.pdf,0,1007,1007,recovered
A2 never parsed,PDF has no text layer (scan),ocrmypdf --force-ocr,2025-02-11_Board of Education Workshop 6_00 PM,3.a. Bond - 2425-09 - AHS-THS Athletics Renovation Bid Tabulation.pdf,2025-02-11_Board of Education Workshop 6_00 PM/3.a. Bond - 2425-09 - AHS-THS Athletics Renovation Bid Tabulation.pdf,0,981,981,recovered
A2 never parsed,PDF has no text layer (scan),ocrmypdf --force-ocr,2025-02-25_Regular Meeting of the Board of Education 7_00 PM,8.A. Bond - 2425-09 - AHS-THS Athletics Renovation Bid Tabulation.pdf,2025-02-25_Regular Meeting of the Board of Education 7_00 PM/8.A. Bond - 2425-09 - AHS-THS Athletics Renovation Bid Tabulation.pdf,0,981,981,recovered
A2 never parsed,PDF has no text layer (scan),ocrmypdf --force-ocr,2020-09-01_Special Meeting of the Board of Education 7_00 PM or Immediately Following Workshop,VersaTables Pricing.pdf,2020-09-01_Special Meeting of the Board of Education 7_00 PM or Immediately Following Workshop/VersaTables Pricing.pdf,0,969,969,recovered
A2 never parsed,PDF has no text layer (scan),ocrmypdf --force-ocr,2024-09-03_Board of Education Workshop 6_00 PM,MASB Delegate Certification.pdf,2024-09-03_Board of Education Workshop 6_00 PM/MASB Delegate Certification.pdf,0,936,936,recovered
A2 never parsed,PDF has no text layer (scan),ocrmypdf --force-ocr,2024-09-17_Regular Meeting of the Board of Education 7_00 PM,MASB Delegate Certification.pdf,2024-09-17_Regular Meeting of the Board of Education 7_00 PM/MASB Delegate Certification.pdf,0,936,936,recovered
A2 never parsed,PDF has no text layer (scan),ocrmypdf --force-ocr,2025-12-09_Board of Education Workshop 6_00 P.M,4.e. Paving Maps.pdf,2025-12-09_Board of Education Workshop 6_00 P.M/4.e. Paving Maps.pdf,0,917,917,recovered
A2 never parsed,PDF has no text layer (scan),ocrmypdf --force-ocr,2021-04-20_Regular Meeting of the Board of Education 7_00 PM,8.A. 2021 Refuse Services RFP 9924 - Bid Summary.pdf,2021-04-20_Regular Meeting of the Board of Education 7_00 PM/8.A. 2021 Refuse Services RFP 9924 - Bid Summary.pdf,0,858,858,recovered
A2 never parsed,PDF has no text layer (scan),ocrmypdf --force-ocr,2022-10-04_Board of Education Workshop 6_00 PM,2.b. Masonry Bid Withdraw Letter.pdf,2022-10-04_Board of Education Workshop 6_00 PM/2.b. Masonry Bid Withdraw Letter.pdf,0,722,722,recovered
A2 never parsed,PDF has no text layer (scan),ocrmypdf --force-ocr,2022-10-18_Regular Meeting of the Board of Education 7_00 PM,8.C. Masonry Bid Withdraw Letter.pdf,2022-10-18_Regular Meeting of the Board of Education 7_00 PM/8.C. Masonry Bid Withdraw Letter.pdf,0,722,722,recovered
A2 never parsed,PDF has no text layer (scan),ocrmypdf --force-ocr,2021-06-15_Regular Meeting of the Board of Education 7_00 PM,9.D. MI3062 PhotoSim (1).pdf,2021-06-15_Regular Meeting of the Board of Education 7_00 PM/9.D. MI3062 PhotoSim (1).pdf,0,695,695,recovered
A2 never parsed,PDF has no text layer (scan),ocrmypdf --force-ocr,2024-02-06_Board of Education Workshop 6_00 P.M,3.e. RFP 2324-14 - Bond - THS Athletics Temp Fence Bid Summary.pdf,2024-02-06_Board of Education Workshop 6_00 P.M/3.e. RFP 2324-14 - Bond - THS Athletics Temp Fence Bid Summary.pdf,0,509,509,recovered
A2 never parsed,PDF has no text layer (scan),ocrmypdf --force-ocr,2024-02-27_Regular Meeting of the Board of Education 7_00 PM,8.D. RFP 2324-14 - Bond - THS Athletics Temp Fence Bid Summary.pdf,2024-02-27_Regular Meeting of the Board of Education 7_00 PM/8.D. RFP 2324-14 - Bond - THS Athletics Temp Fence Bid Summary.pdf,0,509,509,recovered
A2 never parsed,PDF has no text layer (scan),ocrmypdf --force-ocr,2024-08-20_Regular Meeting of the Board of Education 6_00 PM,8.C. Summary of Serving Lines Bids.pdf,2024-08-20_Regular Meeting of the Board of Education 6_00 PM/8.C. Summary of Serving Lines Bids.pdf,0,446,446,recovered
A2 never parsed,PDF has no text layer (scan),ocrmypdf --force-ocr,2022-06-14_Board of Education Workshop 6_00 PM,3.b. Wireless Controllers Bid Tab.pdf,2022-06-14_Board of Education Workshop 6_00 PM/3.b. Wireless Controllers Bid Tab.pdf,0,430,430,recovered
A2 never parsed,PDF has no text layer (scan),ocrmypdf --force-ocr,2022-06-21_Regular Meeting of the Board of Education 7_00 PM,9.B. Wireless Controllers Bid Tab.pdf,2022-06-21_Regular Meeting of the Board of Education 7_00 PM/9.B. Wireless Controllers Bid Tab.pdf,0,430,430,recovered
A2 never parsed,PDF has no text layer (scan),ocrmypdf --force-ocr,2024-10-15_Regular Meeting of the Board of Education 7_00 PM,8.B. School Outfitters Quote 101424.pdf,2024-10-15_Regular Meeting of the Board of Education 7_00 PM/8.B. School Outfitters Quote 101424.pdf,0,390,390,recovered
A2 never parsed,PDF has no text layer (scan),ocrmypdf --force-ocr,2025-12-09_Board of Education Workshop 6_00 P.M,4.d. Roofing Maps.pdf,2025-12-09_Board of Education Workshop 6_00 P.M/4.d. Roofing Maps.pdf,0,388,388,recovered
A2 never parsed,PDF has no text layer (scan),ocrmypdf --force-ocr,2024-11-12_Board of Education Workshop 6_00 PM,2.b. Bid Summary for Oven Purchase.pdf,2024-11-12_Board of Education Workshop 6_00 PM/2.b. Bid Summary for Oven Purchase.pdf,0,383,383,recovered
A2 never parsed,PDF has no text layer (scan),ocrmypdf --force-ocr,2024-11-19_Regular Meeting of the Board of Education 7_00 PM,8.C. Bid Summary for Oven Purchase.pdf,2024-11-19_Regular Meeting of the Board of Education 7_00 PM/8.C. Bid Summary for Oven Purchase.pdf,0,383,383,recovered
A2 never parsed,PDF has no text layer (scan),ocrmypdf --force-ocr,2024-02-06_Board of Education Workshop 6_00 P.M,3.b. RFP 2324-10 - BOND - Moving Services 2024 Bid Summary.pdf,2024-02-06_Board of Education Workshop 6_00 P.M/3.b. RFP 2324-10 - BOND - Moving Services 2024 Bid Summary.pdf,0,339,339,recovered
A2 never parsed,PDF has no text layer (scan),ocrmypdf --force-ocr,2024-02-27_Regular Meeting of the Board of Education 7_00 PM,8.A. RFP 2324-10 - BOND - Moving Services 2024 Bid Summary.pdf,2024-02-27_Regular Meeting of the Board of Education 7_00 PM/8.A. RFP 2324-10 - BOND - Moving Services 2024 Bid Summary.pdf,0,339,339,recovered
A2 never parsed,PDF has no text layer (scan),ocrmypdf --force-ocr,2022-06-14_Board of Education Workshop 6_00 PM,3.d. RFP 9945 - playground surfacing bid summary.pdf,2022-06-14_Board of Education Workshop 6_00 PM/3.d. RFP 9945 - playground surfacing bid summary.pdf,0,183,183,unchanged (genuinely low content)
A2 never parsed,PDF has no text layer (scan),ocrmypdf --force-ocr,2022-06-21_Regular Meeting of the Board of Education 7_00 PM,9.D. RFP 9945 - playground surfacing bid summary.pdf,2022-06-21_Regular Meeting of the Board of Education 7_00 PM/9.D. RFP 9945 - playground surfacing bid summary.pdf,0,183,183,unchanged (genuinely low content)
A3 never parsed,"image file, no extractor",tesseract,2023-10-03_Board of Education Workshop 6_00 PM,Portrait of a Learner - Revised Gold Circle.png,2023-10-03_Board of Education Workshop 6_00 PM/Portrait of a Learner - Revised Gold Circle.png,0,1661,1661,recovered
A3 never parsed,"image file, no extractor",tesseract,2023-02-07_Board of Education Workshop 6_00 PM,2023-02-07_16-44-44.png,2023-02-07_Board of Education Workshop 6_00 PM/2023-02-07_16-44-44.png,0,1202,1202,recovered
A3 never parsed,"image file, no extractor",tesseract,2024-09-17_Regular Meeting of the Board of Education 7_00 PM,2024-09-11_16-47-55.png,2024-09-17_Regular Meeting of the Board of Education 7_00 PM/2024-09-11_16-47-55.png,0,477,477,recovered
A3 never parsed,"image file, no extractor",tesseract,2025-02-11_Board of Education Workshop 6_00 PM,SOC 2025-2026.png,2025-02-11_Board of Education Workshop 6_00 PM/SOC 2025-2026.png,0,185,185,unchanged (genuinely low content)
A3 never parsed,"image file, no extractor",tesseract,2024-01-16_Organizational and Regular Meeting of the Board of Education 7_00 PM,January 2024 BOE Recognition Graphic.png,2024-01-16_Organizational and Regular Meeting of the Board of Education 7_00 PM/January 2024 BOE Recognition Graphic.png,0,62,62,unchanged (genuinely low content)
A4 never parsed,no legacy .ppt extractor,soffice -> pptx,2021-06-15_Regular Meeting of the Board of Education 7_00 PM,2020-2021 Retirees.ppt,2021-06-15_Regular Meeting of the Board of Education 7_00 PM/2020-2021 Retirees.ppt,0,4245,4245,recovered
A4 never parsed,no legacy .ppt extractor,soffice -> pptx,2023-05-16_Regular Meeting of the Board of Education 7_00 PM,2022-2023 Retirees.ppt,2023-05-16_Regular Meeting of the Board of Education 7_00 PM/2022-2023 Retirees.ppt,0,2605,2605,recovered
A4 never parsed,no legacy .ppt extractor,soffice -> pptx,2022-05-17_Regular Meeting of the Board of Education 7_00 PM,2021-2022 Retirees.ppt,2022-05-17_Regular Meeting of the Board of Education 7_00 PM/2021-2022 Retirees.ppt,0,1836,1836,recovered
A5 never parsed,"docx body empty, content is an image",unzip word/media + tesseract,2022-10-18_Regular Meeting of the Board of Education 7_00 PM,1000.02.docx,2022-10-18_Regular Meeting of the Board of Education 7_00 PM/1000.02.docx,0,1824,1824,recovered
A5 never parsed,"docx body empty, content is an image",unzip word/media + tesseract,2022-10-18_Regular Meeting of the Board of Education 7_00 PM,0000.03.docx,2022-10-18_Regular Meeting of the Board of Education 7_00 PM/0000.03.docx,0,1643,1643,recovered
A5 never parsed,"docx body empty, content is an image",unzip word/media + tesseract,2021-03-16_Regular Meeting of the Board of Education 7_00 PM,8.C. Bond - RFP 9921 - Site Work 2021 Bid Summary.docx,2021-03-16_Regular Meeting of the Board of Education 7_00 PM/8.C. Bond - RFP 9921 - Site Work 2021 Bid Summary.docx,0,555,555,recovered
A6 never parsed,PDF misnamed .tmp; extension filter skipped it,magic-byte sniff,2011-12-31_2011 Board Packets and Minutes,101811WkspMtg.tmp,2011-12-31_2011 Board Packets and Minutes/101811WkspMtg.tmp,0,1356,1356,recovered
B1 parsed to garbage,CID glyph ids; no ToUnicode CMap,"re-OCR, garbage never wins on length",2025-04-01_Board of Education Workshop 6_00 PM,TSD PEPS Report - March 2025.pdf,2025-04-01_Board of Education Workshop 6_00 PM/TSD PEPS Report - March 2025.pdf,82353,31257,-51096,replaced garbage with real text
B2 parsed to almost nothing,image-only page(s),"re-OCR, keep longer",2022-06-14_Board of Education Workshop 6_00 PM,Why the Past 10 Years of American Life Have Been Uniquely Stupid - The Atlantic.pdf,2022-06-14_Board of Education Workshop 6_00 PM/Why the Past 10 Years of American Life Have Been Uniquely Stupid - The Atlantic.pdf,600,60292,59692,recovered
B2 parsed to almost nothing,image-only page(s),"re-OCR, keep longer",2023-07-18_Regular Meeting of the Board of Education 9_30 AM,MHSAA resolution 23-24.pdf,2023-07-18_Regular Meeting of the Board of Education 9_30 AM/MHSAA resolution 23-24.pdf,302,11000,10698,recovered
B2 parsed to almost nothing,image-only page(s),"re-OCR, keep longer",2022-07-26_Regular Meeting of the Board of Education 9_00 AM,MHSAA 22 23 Resolution.pdf,2022-07-26_Regular Meeting of the Board of Education 9_00 AM/MHSAA 22 23 Resolution.pdf,37,10735,10698,recovered
B2 parsed to almost nothing,image-only page(s),"re-OCR, keep longer",2023-10-03_Board of Education Workshop 6_00 PM,1032023 Bond Update.pptx,2023-10-03_Board of Education Workshop 6_00 PM/1032023 Bond Update.pptx,967,3831,2864,recovered
B2 parsed to almost nothing,image-only page(s),"re-OCR, keep longer",2021-06-15_Regular Meeting of the Board of Education 7_00 PM,9.D. 05132021 AT&T Cell Tower Lease.pptx,2021-06-15_Regular Meeting of the Board of Education 7_00 PM/9.D. 05132021 AT&T Cell Tower Lease.pptx,167,2806,2639,recovered
B2 parsed to almost nothing,image-only page(s),"re-OCR, keep longer",2025-06-17_Regular Meeting of the Board of Education 7_00 PM,9.A. TSD BP T1 (Old Smith) Presentation Letter.pdf,2025-06-17_Regular Meeting of the Board of Education 7_00 PM/9.A. TSD BP T1 (Old Smith) Presentation Letter.pdf,12,2428,2416,recovered
B2 parsed to almost nothing,image-only page(s),"re-OCR, keep longer",2026-01-13_Board of Education Workshop 6_00 P.M,Honors Math - 8th Grade Enrollment Trends.pdf,2026-01-13_Board of Education Workshop 6_00 P.M/Honors Math - 8th Grade Enrollment Trends.pdf,461,2384,1923,recovered
B2 parsed to almost nothing,image-only page(s),"re-OCR, keep longer",2023-01-10_Board of Education Workshop 6_00 PM,2.a. Troy HS Seam Arrangement  230105.pdf,2023-01-10_Board of Education Workshop 6_00 PM/2.a. Troy HS Seam Arrangement  230105.pdf,893,2535,1642,recovered
B2 parsed to almost nothing,image-only page(s),"re-OCR, keep longer",2023-01-17_Organizational and Regular Meeting of the Board of Education 7_00 PM,11.A. Troy HS Seam Arrangement  230105.pdf,2023-01-17_Organizational and Regular Meeting of the Board of Education 7_00 PM/11.A. Troy HS Seam Arrangement  230105.pdf,893,2535,1642,recovered
B2 parsed to almost nothing,image-only page(s),"re-OCR, keep longer",2024-09-17_Regular Meeting of the Board of Education 7_00 PM,2B All state list spring 2024.docx,2024-09-17_Regular Meeting of the Board of Education 7_00 PM/2B All state list spring 2024.docx,275,1605,1330,recovered
B2 parsed to almost nothing,image-only page(s),"re-OCR, keep longer",2021-02-23_Regular Meeting of the Board of Education 7_00 PM,Academic Seminar Course.pdf,2021-02-23_Regular Meeting of the Board of Education 7_00 PM/Academic Seminar Course.pdf,900,2196,1296,recovered
B2 parsed to almost nothing,image-only page(s),"re-OCR, keep longer",2026-02-03_Board of Education Workshop 6_00 PM,Middle School Math Data 2.3.26 Workshop.pdf,2026-02-03_Board of Education Workshop 6_00 PM/Middle School Math Data 2.3.26 Workshop.pdf,771,1950,1179,recovered
B2 parsed to almost nothing,image-only page(s),"re-OCR, keep longer",2025-11-18_Regular Meeting of the Board of Education 7_00 PM,8.D. iPad Refresh Plan.pdf,2025-11-18_Regular Meeting of the Board of Education 7_00 PM/8.D. iPad Refresh Plan.pdf,70,978,908,recovered
B2 parsed to almost nothing,image-only page(s),"re-OCR, keep longer",2025-11-11_Board of Education Workshop 6_00 P.M,2.c. iPad Refresh Plan.pdf,2025-11-11_Board of Education Workshop 6_00 P.M/2.c. iPad Refresh Plan.pdf,70,978,908,recovered
B2 parsed to almost nothing,image-only page(s),"re-OCR, keep longer",2022-09-20_Regular Meeting of the Board of Education 7_00 PM,Troy Summer Learning Lab-Board.pptx,2022-09-20_Regular Meeting of the Board of Education 7_00 PM/Troy Summer Learning Lab-Board.pptx,751,1132,381,recovered
B2 parsed to almost nothing,image-only page(s),"re-OCR, keep longer",2021-06-15_Regular Meeting of the Board of Education 7_00 PM,9.D. DTL03062_zoning_Maps_032919 propagation maps from romsek.pdf,2021-06-15_Regular Meeting of the Board of Education 7_00 PM/9.D. DTL03062_zoning_Maps_032919 propagation maps from romsek.pdf,350,507,157,unchanged (genuinely low content)
B2 parsed to almost nothing,image-only page(s),"re-OCR, keep longer",2021-03-16_Regular Meeting of the Board of Education 7_00 PM,8.B. THS Media Center Renovation.pdf,2021-03-16_Regular Meeting of the Board of Education 7_00 PM/8.B. THS Media Center Renovation.pdf,515,558,43,unchanged (genuinely low content)
B2 parsed to almost nothing,image-only page(s),"re-OCR, keep longer",2021-07-20_Regular Meeting of the Board of Education 9_30 AM,8.B. Baker Middle School - Miscellaneous Furniture (Media Center).pdf,2021-07-20_Regular Meeting of the Board of Education 9_30 AM/8.B. Baker Middle School - Miscellaneous Furniture (Media Center).pdf,415,444,29,unchanged (genuinely low content)
B2 parsed to almost nothing,image-only page(s),"re-OCR, keep longer",2022-05-03_Board of Education Workshop 6_00 PM,5.3.2022 Workshop Presentation20.pptx,2022-05-03_Board of Education Workshop 6_00 PM/5.3.2022 Workshop Presentation20.pptx,753,753,0,unchanged (genuinely low content)
B2 parsed to almost nothing,image-only page(s),"re-OCR, keep longer",2023-07-18_Regular Meeting of the Board of Education 9_30 AM,7A Sex Ed Advisory Board July 2023-2024.rtf,2023-07-18_Regular Meeting of the Board of Education 9_30 AM/7A Sex Ed Advisory Board July 2023-2024.rtf,840,840,0,unchanged (genuinely low content)
B2 parsed to almost nothing,image-only page(s),"re-OCR, keep longer",2021-09-07_Board of Education Workshop 6_00 PM,Advocacy Institute 2022.pdf,2021-09-07_Board of Education Workshop 6_00 PM/Advocacy Institute 2022.pdf,647,647,0,unchanged (genuinely low content)
B2 parsed to almost nothing,image-only page(s),"re-OCR, keep longer",2021-09-07_Board of Education Workshop 6_00 PM,NSBA 2022 Annual Conference and Exposition.pdf,2021-09-07_Board of Education Workshop 6_00 PM/NSBA 2022 Annual Conference and Exposition.pdf,659,659,0,unchanged (genuinely low content)
B2 parsed to almost nothing,image-only page(s),"re-OCR, keep longer",2021-09-07_Board of Education Workshop 6_00 PM,Last Chance! Call for Proposals Close in One Week.pdf,2021-09-07_Board of Education Workshop 6_00 PM/Last Chance! Call for Proposals Close in One Week.pdf,826,826,0,unchanged (genuinely low content)
B2 parsed to almost nothing,image-only page(s),"re-OCR, keep longer",2022-05-17_Regular Meeting of the Board of Education 7_00 PM,pg2.pdf,2022-05-17_Regular Meeting of the Board of Education 7_00 PM/pg2.pdf,502,502,0,unchanged (genuinely low content)
B2 parsed to almost nothing,image-only page(s),"re-OCR, keep longer",2022-05-17_Regular Meeting of the Board of Education 7_00 PM,District Updates_Next Steps.pptx,2022-05-17_Regular Meeting of the Board of Education 7_00 PM/District Updates_Next Steps.pptx,753,753,0,unchanged (genuinely low content)
B2 parsed to almost nothing,image-only page(s),"re-OCR, keep longer",2025-11-18_Regular Meeting of the Board of Education 7_00 PM,September 2025 Wire Transfers.pdf,2025-11-18_Regular Meeting of the Board of Education 7_00 PM/September 2025 Wire Transfers.pdf,216,216,0,unchanged (genuinely low content)
B2 parsed to almost nothing,image-only page(s),"re-OCR, keep longer",2022-03-15_Regular Meeting of the Board of Education 7_00 PM,8.A. Displays and Sound Recommendation Letter.pdf,2022-03-15_Regular Meeting of the Board of Education 7_00 PM/8.A. Displays and Sound Recommendation Letter.pdf,943,943,0,unchanged (genuinely low content)
B2 parsed to almost nothing,image-only page(s),"re-OCR, keep longer",2022-03-15_Regular Meeting of the Board of Education 7_00 PM,8.F. TSD BP#34 Bid Tabs for Board - revised.pdf,2022-03-15_Regular Meeting of the Board of Education 7_00 PM/8.F. TSD BP#34 Bid Tabs for Board - revised.pdf,532,532,0,unchanged (genuinely low content)
B2 parsed to almost nothing,image-only page(s),"re-OCR, keep longer",2026-04-21_Regular Meeting of the Board of Education 7_00 PM,3B Meet the New You.pdf,2026-04-21_Regular Meeting of the Board of Education 7_00 PM/3B Meet the New You.pdf,378,378,0,unchanged (genuinely low content)
B2 parsed to almost nothing,image-only page(s),"re-OCR, keep longer",2026-04-21_Regular Meeting of the Board of Education 7_00 PM,M031726ClosedSession.docx,2026-04-21_Regular Meeting of the Board of Education 7_00 PM/M031726ClosedSession.docx,805,805,0,unchanged (genuinely low content)
B2 parsed to almost nothing,image-only page(s),"re-OCR, keep longer",2023-10-03_Board of Education Workshop 6_00 PM,TIMELINE.pptx,2023-10-03_Board of Education Workshop 6_00 PM/TIMELINE.pptx,516,516,0,unchanged (genuinely low content)
B2 parsed to almost nothing,image-only page(s),"re-OCR, keep longer",2023-10-03_Board of Education Workshop 6_00 PM,character-self-assessment.pdf,2023-10-03_Board of Education Workshop 6_00 PM/character-self-assessment.pdf,987,987,0,unchanged (genuinely low content)
B2 parsed to almost nothing,image-only page(s),"re-OCR, keep longer",2026-01-20_Organizational and Regular Meeting of the Board of Education 7_00 PM,November 2025 ACH Report.pdf,2026-01-20_Organizational and Regular Meeting of the Board of Education 7_00 PM/November 2025 ACH Report.pdf,764,764,0,unchanged (genuinely low content)
B2 parsed to almost nothing,image-only page(s),"re-OCR, keep longer",2026-01-20_Organizational and Regular Meeting of the Board of Education 7_00 PM,November 2025 Wire Transfers.pdf,2026-01-20_Organizational and Regular Meeting of the Board of Education 7_00 PM/November 2025 Wire Transfers.pdf,244,244,0,unchanged (genuinely low content)
B2 parsed to almost nothing,image-only page(s),"re-OCR, keep longer",2010-12-31_2010 Board Packets and Minutes,051110WkspMtg.pdf,2010-12-31_2010 Board Packets and Minutes/051110WkspMtg.pdf,553,553,0,unchanged (genuinely low content)
B2 parsed to almost nothing,image-only page(s),"re-OCR, keep longer",2023-04-04_Board of Education Workshop 6_00 PM,HS start times memo.pdf,2023-04-04_Board of Education Workshop 6_00 PM/HS start times memo.pdf,873,873,0,unchanged (genuinely low content)
B2 parsed to almost nothing,image-only page(s),"re-OCR, keep longer",2021-09-21_Regular Meeting of the Board of Education 7_00 PM,Advocacy Institute 2022.pdf,2021-09-21_Regular Meeting of the Board of Education 7_00 PM/Advocacy Institute 2022.pdf,647,647,0,unchanged (genuinely low content)
B2 parsed to almost nothing,image-only page(s),"re-OCR, keep longer",2021-09-21_Regular Meeting of the Board of Education 7_00 PM,NSBA 2022 Annual Conference and Exposition.pdf,2021-09-21_Regular Meeting of the Board of Education 7_00 PM/NSBA 2022 Annual Conference and Exposition.pdf,659,659,0,unchanged (genuinely low content)
B2 parsed to almost nothing,image-only page(s),"re-OCR, keep longer",2015-11-17_Special Board of Education Workshop,111715SpWksp.pdf,2015-11-17_Special Board of Education Workshop/111715SpWksp.pdf,997,997,0,unchanged (genuinely low content)
B2 parsed to almost nothing,image-only page(s),"re-OCR, keep longer",2020-09-15_Regular Meeting of the Board of Education 7_00 PM,8.A. TSD Signage.pdf,2020-09-15_Regular Meeting of the Board of Education 7_00 PM/8.A. TSD Signage.pdf,394,394,0,unchanged (genuinely low content)
B2 parsed to almost nothing,image-only page(s),"re-OCR, keep longer",2014-01-20_Special Board of Education Workshop,12014SpWksp.pdf,2014-01-20_Special Board of Education Workshop/12014SpWksp.pdf,999,999,0,unchanged (genuinely low content)
B2 parsed to almost nothing,image-only page(s),"re-OCR, keep longer",2024-01-09_Board of Education Workshop 6_00 P.M,2.b. TSD BP#1A Bid Tabs.pdf,2024-01-09_Board of Education Workshop 6_00 P.M/2.b. TSD BP#1A Bid Tabs.pdf,610,610,0,unchanged (genuinely low content)
B2 parsed to almost nothing,image-only page(s),"re-OCR, keep longer",2023-12-12_Regular Meeting of the Board of Education 7_00 PM,2023 MSPRA Award - Troy 7.pdf,2023-12-12_Regular Meeting of the Board of Education 7_00 PM/2023 MSPRA Award - Troy 7.pdf,187,187,0,unchanged (genuinely low content)
B2 parsed to almost nothing,image-only page(s),"re-OCR, keep longer",2023-12-12_Regular Meeting of the Board of Education 7_00 PM,2023 MSPRA Award - Troy 6.pdf,2023-12-12_Regular Meeting of the Board of Education 7_00 PM/2023 MSPRA Award - Troy 6.pdf,164,164,0,unchanged (genuinely low content)
B2 parsed to almost nothing,image-only page(s),"re-OCR, keep longer",2023-12-12_Regular Meeting of the Board of Education 7_00 PM,Sep 2023 ACH Report.pdf,2023-12-12_Regular Meeting of the Board of Education 7_00 PM/Sep 2023 ACH Report.pdf,494,494,0,unchanged (genuinely low content)
B2 parsed to almost nothing,image-only page(s),"re-OCR, keep longer",2023-12-12_Regular Meeting of the Board of Education 7_00 PM,2023 MSPRA Award - Troy 4.pdf,2023-12-12_Regular Meeting of the Board of Education 7_00 PM/2023 MSPRA Award - Troy 4.pdf,163,163,0,unchanged (genuinely low content)
B2 parsed to almost nothing,image-only page(s),"re-OCR, keep longer",2023-12-12_Regular Meeting of the Board of Education 7_00 PM,MSPRA 2023 Gold Medallion Award Certificate - Troy.pdf,2023-12-12_Regular Meeting of the Board of Education 7_00 PM/MSPRA 2023 Gold Medallion Award Certificate - Troy.pdf,216,216,0,unchanged (genuinely low content)
B2 parsed to almost nothing,image-only page(s),"re-OCR, keep longer",2023-12-12_Regular Meeting of the Board of Education 7_00 PM,2023 MSPRA Award - Troy 5.pdf,2023-12-12_Regular Meeting of the Board of Education 7_00 PM/2023 MSPRA Award - Troy 5.pdf,196,196,0,unchanged (genuinely low content)
B2 parsed to almost nothing,image-only page(s),"re-OCR, keep longer",2023-12-12_Regular Meeting of the Board of Education 7_00 PM,2023 MSPRA Award - Troy 1.pdf,2023-12-12_Regular Meeting of the Board of Education 7_00 PM/2023 MSPRA Award - Troy 1.pdf,171,171,0,unchanged (genuinely low content)
B2 parsed to almost nothing,image-only page(s),"re-OCR, keep longer",2023-12-12_Regular Meeting of the Board of Education 7_00 PM,Sep 2023 Wire Transfers.pdf,2023-12-12_Regular Meeting of the Board of Education 7_00 PM/Sep 2023 Wire Transfers.pdf,911,911,0,unchanged (genuinely low content)
B2 parsed to almost nothing,image-only page(s),"re-OCR, keep longer",2023-12-12_Regular Meeting of the Board of Education 7_00 PM,2023 MSPRA Award - Troy 3.pdf,2023-12-12_Regular Meeting of the Board of Education 7_00 PM/2023 MSPRA Award - Troy 3.pdf,165,165,0,unchanged (genuinely low content)
B2 parsed to almost nothing,image-only page(s),"re-OCR, keep longer",2023-12-12_Regular Meeting of the Board of Education 7_00 PM,2023 MSPRA Award - Troy 2.pdf,2023-12-12_Regular Meeting of the Board of Education 7_00 PM/2023 MSPRA Award - Troy 2.pdf,158,158,0,unchanged (genuinely low content)
B2 parsed to almost nothing,image-only page(s),"re-OCR, keep longer",2021-06-15_Regular Meeting of the Board of Education 7_00 PM,9.B. Larson MS - Miscellaneous Furniture - Final.pdf,2021-06-15_Regular Meeting of the Board of Education 7_00 PM/9.B. Larson MS - Miscellaneous Furniture - Final.pdf,497,497,0,unchanged (genuinely low content)
B2 parsed to almost nothing,image-only page(s),"re-OCR, keep longer",2026-02-03_Board of Education Workshop 6_00 PM,3.b. RFP 2526-20 - BOND - 2026 Boulan Park Abatement BID TAB.pdf,2026-02-03_Board of Education Workshop 6_00 PM/3.b. RFP 2526-20 - BOND - 2026 Boulan Park Abatement BID TAB.pdf,632,632,0,unchanged (genuinely low content)
B2 parsed to almost nothing,image-only page(s),"re-OCR, keep longer",2026-05-19_Regular Meeting of the Board of Education 7_00 PM,M042826ClosedSession.docx,2026-05-19_Regular Meeting of the Board of Education 7_00 PM/M042826ClosedSession.docx,800,800,0,unchanged (genuinely low content)
B2 parsed to almost nothing,image-only page(s),"re-OCR, keep longer",2026-05-19_Regular Meeting of the Board of Education 7_00 PM,09 Mar 2026 - Wire Transfers.pdf,2026-05-19_Regular Meeting of the Board of Education 7_00 PM/09 Mar 2026 - Wire Transfers.pdf,392,392,0,unchanged (genuinely low content)
B2 parsed to almost nothing,image-only page(s),"re-OCR, keep longer",2026-05-19_Regular Meeting of the Board of Education 7_00 PM,09 March 2026 - ACH Report.pdf,2026-05-19_Regular Meeting of the Board of Education 7_00 PM/09 March 2026 - ACH Report.pdf,656,656,0,unchanged (genuinely low content)
B2 parsed to almost nothing,image-only page(s),"re-OCR, keep longer",2022-04-19_Regular Meeting of the Board of Education 7_00 PM,8.A. MDR Review Matrix.pdf,2022-04-19_Regular Meeting of the Board of Education 7_00 PM/8.A. MDR Review Matrix.pdf,867,867,0,unchanged (genuinely low content)
B2 parsed to almost nothing,image-only page(s),"re-OCR, keep longer",2021-12-14_Regular Meeting of the Board of Education 7_00 PM,Oct 2021 Wire Transfers.pdf,2021-12-14_Regular Meeting of the Board of Education 7_00 PM/Oct 2021 Wire Transfers.pdf,924,924,0,unchanged (genuinely low content)
B2 parsed to almost nothing,image-only page(s),"re-OCR, keep longer",2021-12-14_Regular Meeting of the Board of Education 7_00 PM,5D Sex Ed Advisory Board 2021-22.rtf,2021-12-14_Regular Meeting of the Board of Education 7_00 PM/5D Sex Ed Advisory Board 2021-22.rtf,837,837,0,unchanged (genuinely low content)
B2 parsed to almost nothing,image-only page(s),"re-OCR, keep longer",2021-04-20_Regular Meeting of the Board of Education 7_00 PM,8.F. Great Lakes Quote.pdf,2021-04-20_Regular Meeting of the Board of Education 7_00 PM/8.F. Great Lakes Quote.pdf,604,604,0,unchanged (genuinely low content)
B2 parsed to almost nothing,image-only page(s),"re-OCR, keep longer",2026-04-07_Board of Education Workshop 6_15 PM,3B Meet the New You.pdf,2026-04-07_Board of Education Workshop 6_15 PM/3B Meet the New You.pdf,378,378,0,unchanged (genuinely low content)
B2 parsed to almost nothing,image-only page(s),"re-OCR, keep longer",2026-03-03_Board of Education Workshop 6_00 PM,3.c. RFP 2526-22 BOND - THS Running Track Replacement Bid Summary - 2 2026.pdf,2026-03-03_Board of Education Workshop 6_00 PM/3.c. RFP 2526-22 BOND - THS Running Track Replacement Bid Summary - 2 2026.pdf,647,647,0,unchanged (genuinely low content)
B2 parsed to almost nothing,image-only page(s),"re-OCR, keep longer",2022-03-01_Board of Education Workshop 6_00 PM,3.e. TSD BP#34 Bid Tabs for Board - revised.pdf,2022-03-01_Board of Education Workshop 6_00 PM/3.e. TSD BP#34 Bid Tabs for Board - revised.pdf,532,532,0,unchanged (genuinely low content)
B2 parsed to almost nothing,image-only page(s),"re-OCR, keep longer",2022-03-01_Board of Education Workshop 6_00 PM,3.a. Displays and Sound Recommendation Letter.pdf,2022-03-01_Board of Education Workshop 6_00 PM/3.a. Displays and Sound Recommendation Letter.pdf,943,943,0,unchanged (genuinely low content)
B2 parsed to almost nothing,image-only page(s),"re-OCR, keep longer",2024-05-07_Board of Education Workshop 6_00 P.M,Election Agenda - Generic.pdf,2024-05-07_Board of Education Workshop 6_00 P.M/Election Agenda - Generic.pdf,874,874,0,unchanged (genuinely low content)
B2 parsed to almost nothing,image-only page(s),"re-OCR, keep longer",2025-04-22_Regular Meeting of the Board of Education 7_00 PM,8.B. RFP 2425-15 Phase 2 Athletics TSD Temporary Fencing - Bid Tabs.pdf,2025-04-22_Regular Meeting of the Board of Education 7_00 PM/8.B. RFP 2425-15 Phase 2 Athletics TSD Temporary Fencing - Bid Tabs.pdf,633,633,0,unchanged (genuinely low content)
B2 parsed to almost nothing,image-only page(s),"re-OCR, keep longer",2025-04-22_Regular Meeting of the Board of Education 7_00 PM,8.C. Smith MS - Pilot Furniture - Not to Exceed Cost Estimate.pdf,2025-04-22_Regular Meeting of the Board of Education 7_00 PM/8.C. Smith MS - Pilot Furniture - Not to Exceed Cost Estimate.pdf,713,713,0,unchanged (genuinely low content)
B2 parsed to almost nothing,image-only page(s),"re-OCR, keep longer",2021-07-20_Regular Meeting of the Board of Education 9_30 AM,8.B. International Academy East - Miscellaneous Furniture (Commons).pdf,2021-07-20_Regular Meeting of the Board of Education 9_30 AM/8.B. International Academy East - Miscellaneous Furniture (Commons).pdf,755,755,0,unchanged (genuinely low content)
B2 parsed to almost nothing,image-only page(s),"re-OCR, keep longer",2021-02-23_Regular Meeting of the Board of Education 7_00 PM,8.B. BP31 Bid Tabs.pdf,2021-02-23_Regular Meeting of the Board of Education 7_00 PM/8.B. BP31 Bid Tabs.pdf,478,478,0,unchanged (genuinely low content)
B2 parsed to almost nothing,image-only page(s),"re-OCR, keep longer",2025-12-16_Regular Meeting of the Board of Education 7_00 PM,October 2025 Wire Transfers.pdf,2025-12-16_Regular Meeting of the Board of Education 7_00 PM/October 2025 Wire Transfers.pdf,805,805,0,unchanged (genuinely low content)
B2 parsed to almost nothing,image-only page(s),"re-OCR, keep longer",2025-12-16_Regular Meeting of the Board of Education 7_00 PM,2 TSD Mission Moment-THS Boys Tennis TEam.docx,2025-12-16_Regular Meeting of the Board of Education 7_00 PM/2 TSD Mission Moment-THS Boys Tennis TEam.docx,729,729,0,unchanged (genuinely low content)
B2 parsed to almost nothing,image-only page(s),"re-OCR, keep longer",2021-03-16_Regular Meeting of the Board of Education 7_00 PM,8.B. Bond - BP32 Bid Summary.pdf,2021-03-16_Regular Meeting of the Board of Education 7_00 PM/8.B. Bond - BP32 Bid Summary.pdf,741,741,0,unchanged (genuinely low content)
B2 parsed to almost nothing,image-only page(s),"re-OCR, keep longer",2020-09-01_Special Meeting of the Board of Education 7_00 PM or Immediately Following Workshop,0882020 PPE Purchases (IMBranded) memo.docx,2020-09-01_Special Meeting of the Board of Education 7_00 PM or Immediately Following Workshop/0882020 PPE Purchases (IMBranded) memo.docx,968,968,0,unchanged (genuinely low content)
B2 parsed to almost nothing,image-only page(s),"re-OCR, keep longer",2022-12-06_Board of Education Workshop 6_00 PM,2.c. 12.6.22 Workshop - Budget Amendment 1 -  Presentation.pptx,2022-12-06_Board of Education Workshop 6_00 PM/2.c. 12.6.22 Workshop - Budget Amendment 1 -  Presentation.pptx,450,450,0,unchanged (genuinely low content)
B2 parsed to almost nothing,image-only page(s),"re-OCR, keep longer",2022-04-05_Board of Education Workshop 6_00 PM,3.a. MDR Review Matrix.pdf,2022-04-05_Board of Education Workshop 6_00 PM/3.a. MDR Review Matrix.pdf,867,867,0,unchanged (genuinely low content)
B2 parsed to almost nothing,image-only page(s),"re-OCR, keep longer",2022-11-15_Regular Meeting of the Board of Education 7_00 PM,Sep 2022 Wire Transfers.pdf,2022-11-15_Regular Meeting of the Board of Education 7_00 PM/Sep 2022 Wire Transfers.pdf,953,953,0,unchanged (genuinely low content)
B2 parsed to almost nothing,image-only page(s),"re-OCR, keep longer",2025-03-18_Regular Meeting of the Board of Education 7_00 PM,8.A. Bond - BMB - BP#3G Smith Middle School Award Rec (2).pdf,2025-03-18_Regular Meeting of the Board of Education 7_00 PM/8.A. Bond - BMB - BP#3G Smith Middle School Award Rec (2).pdf,732,732,0,unchanged (genuinely low content)
B2 parsed to almost nothing,image-only page(s),"re-OCR, keep longer",2024-01-16_Organizational and Regular Meeting of the Board of Education 7_00 PM,11.B. TSD BP#1A Bid Tabs.pdf,2024-01-16_Organizational and Regular Meeting of the Board of Education 7_00 PM/11.B. TSD BP#1A Bid Tabs.pdf,610,610,0,unchanged (genuinely low content)
B2 parsed to almost nothing,image-only page(s),"re-OCR, keep longer",2024-01-16_Organizational and Regular Meeting of the Board of Education 7_00 PM,Nov 2023 ACH Report.pdf,2024-01-16_Organizational and Regular Meeting of the Board of Education 7_00 PM/Nov 2023 ACH Report.pdf,506,506,0,unchanged (genuinely low content)
B2 parsed to almost nothing,image-only page(s),"re-OCR, keep longer",2025-09-16_Regular Meeting of the Board of Education 7_00 PM,2B All state list spring 2025.docx,2025-09-16_Regular Meeting of the Board of Education 7_00 PM/2B All state list spring 2025.docx,275,275,0,unchanged (genuinely low content)
B2 parsed to almost nothing,image-only page(s),"re-OCR, keep longer",2026-02-24_Regular Meeting of the Board of Education 7_00 PM,December 2025 ACH Report.pdf,2026-02-24_Regular Meeting of the Board of Education 7_00 PM/December 2025 ACH Report.pdf,768,768,0,unchanged (genuinely low content)
B2 parsed to almost nothing,image-only page(s),"re-OCR, keep longer",2026-02-24_Regular Meeting of the Board of Education 7_00 PM,8.D. RFP 2526-20 - BOND - 2026 Boulan Park Abatement BID TAB.pdf,2026-02-24_Regular Meeting of the Board of Education 7_00 PM/8.D. RFP 2526-20 - BOND - 2026 Boulan Park Abatement BID TAB.pdf,632,632,0,unchanged (genuinely low content)
B2 parsed to almost nothing,image-only page(s),"re-OCR, keep longer",2026-02-24_Regular Meeting of the Board of Education 7_00 PM,December 2025 Wire Transfers.pdf,2026-02-24_Regular Meeting of the Board of Education 7_00 PM/December 2025 Wire Transfers.pdf,193,193,0,unchanged (genuinely low content)
B2 parsed to almost nothing,image-only page(s),"re-OCR, keep longer",2026-02-24_Regular Meeting of the Board of Education 7_00 PM,M011326ClosedSession.docx,2026-02-24_Regular Meeting of the Board of Education 7_00 PM/M011326ClosedSession.docx,831,831,0,unchanged (genuinely low content)
B2 parsed to almost nothing,image-only page(s),"re-OCR, keep longer",2024-04-16_Regular Meeting of the Board of Education 7_00 PM,Feb 2024 ACH Report.pdf,2024-04-16_Regular Meeting of the Board of Education 7_00 PM/Feb 2024 ACH Report.pdf,515,515,0,unchanged (genuinely low content)
B2 parsed to almost nothing,image-only page(s),"re-OCR, keep longer",2020-11-17_Regular Meeting of the Board of Education 7_00 PM,Data Slides--website presentation.pptx,2020-11-17_Regular Meeting of the Board of Education 7_00 PM/Data Slides--website presentation.pptx,261,261,0,unchanged (genuinely low content)
B2 parsed to almost nothing,image-only page(s),"re-OCR, keep longer",2022-12-13_Regular Meeting of the Board of Education 7_00 PM,5.E. 12.6.22 Workshop - Budget Amendment 1 -  Presentation.pptx,2022-12-13_Regular Meeting of the Board of Education 7_00 PM/5.E. 12.6.22 Workshop - Budget Amendment 1 -  Presentation.pptx,450,450,0,unchanged (genuinely low content)
B2 parsed to almost nothing,image-only page(s),"re-OCR, keep longer",2026-07-22_Regular Meeting of the Board of Education 1_00 PM,M061626ClosedSession.docx,2026-07-22_Regular Meeting of the Board of Education 1_00 PM/M061626ClosedSession.docx,755,755,0,unchanged (genuinely low content)
B2 parsed to almost nothing,image-only page(s),"re-OCR, keep longer",2022-06-14_Board of Education Workshop 6_00 PM,StateofCTE.pptx,2022-06-14_Board of Education Workshop 6_00 PM/StateofCTE.pptx,959,959,0,unchanged (genuinely low content)
B2 parsed to almost nothing,image-only page(s),"re-OCR, keep longer",2023-01-17_Organizational and Regular Meeting of the Board of Education 7_00 PM,8 ConsentRes.pdf,2023-01-17_Organizational and Regular Meeting of the Board of Education 7_00 PM/8 ConsentRes.pdf,490,490,0,unchanged (genuinely low content)
